Date,ESGU,EAGG,ESGE,ESML,SUSB,ESGD,SHY,SUSA,GOVT,MBB,SUSC
1993-02-01,0.00746988830734168,-0.0006643329136417045,0.07686268311311317,-0.02133399361621161,0.0010281016018991737,0.02445794658545137,0.0025251577307519885,0.007155833536632494,-0.0015387244455132881,0.0036812564978198486,-0.006473508792094146
1993-03-01,0.023358236811986552,-0.000627353128080255,0.008622076125568118,0.033140921651274316,0.0010293746638626786,0.007279550662674228,0.0024456466344333298,0.02277431964744587,-0.00142419116767562,0.003606748241531692,-0.006262454700925482
1993-04-01,-0.02668564586384546,-0.0006068088027683386,0.05243131809617441,-0.024811330374337474,0.001030549797982837,-0.01813074366292406,0.0024014738031451857,-0.026419571478189817,-0.0013605615688769145,0.0035379713895733926,-0.006067635539846713
1993-05-01,0.02583555391340349,-0.000627353128080255,0.059479873424939815,0.04504555936828095,0.0010308435815128767,0.013105763891561342,0.0024456466344333298,0.025209559705860342,-0.00142419116767562,0.003520777176583818,-0.00601893074957702
1993-06-01,0.005472244808145768,-0.0006540607509857463,-0.02101278221055857,0.008043865108548957,0.0010318228599463422,0.02370724017725596,0.0025030713151079163,0.005192119860700299,-0.0015069096461139356,0.003463463133285236,-0.005856581448678048
1993-07-01,-0.002863983411897547,-0.0006335164256738299,-0.006148684589451595,0.016218820456972732,0.0010333897054398869,0.012460650180882046,0.0024588984838197726,-0.0030025181555324125,-0.0014432800473152306,0.003371760664007505,-0.005596822567239691
1993-08-01,0.03686353817147057,-0.0006191353979554885,0.06011649812782227,0.04343339183709103,0.001036523396426976,0.06051230035852876,0.0024279775019180718,0.03605023448804653,-0.0013987393281561377,0.003188355725452041,-0.005077304804362978
1993-09-01,-0.003758038076010577,-0.0005801011798628473,0.016196715233331306,0.030165726182697847,0.0010383840254505603,-0.015613821265531786,0.0023440491224705987,-0.0038813873690113996,-0.0012778430904385987,0.003079459043184736,-0.004768841132654931
1993-10-01,0.013711354472215564,-0.0005821556123940389,0.15360309966330418,0.027307938831929356,0.0010382860976072138,0.04581811569755632,0.002348466405599413,0.013291288872263884,-0.001284206050318469,0.0030851904475145938,-0.004785076062744827
1993-11-01,-0.01594677995796931,-0.0006478974533921714,-0.010521645822854189,-0.030058942722683456,0.0010357399736802037,0.002465748794003694,0.0024898194657214734,-0.015863104394919298,-0.001487820766474324,0.0032342069600909077,-0.005207184245082157
1993-12-01,0.017850857829589076,-0.000656115183516938,0.21413819264538805,0.035193780539851095,0.0010357399736802037,0.07980023075436783,0.0025074885982367305,0.017360483079194997,-0.0015132726059938063,0.0032342069600909077,-0.005207184245082157
1994-01-01,0.03120167118439733,-0.0006437885883297883,-0.01876147983161247,0.03323128879788349,0.0010358379015235502,0.02427921112967274,0.002480984899463845,0.03048453388215762,-0.0014750948467145836,0.003228475555761049,-0.005190949314992259
1994-02-01,-0.02842121522286687,-0.0007156937269214955,-0.06026367262524096,-0.0005026984991080923,0.0010342710560300055,-0.04121684794458485,0.002635589808972348,-0.028125662323333644,-0.0016977984425100502,0.003320178025038781,-0.005450708196430616
1994-03-01,-0.04460733820183638,-0.000832796381199419,-0.08714703133287721,-0.05032766415810186,0.001030353942296144,-0.06588358673177232,0.0028873749473147673,-0.04403686523161872,-0.0020604871556626674,0.0035494341982331094,-0.006100105400026509
1994-04-01,0.012253200668072577,-0.0009540079005397257,-0.0002868421154142674,0.008965135168301108,0.0010264368285622825,0.015781572312607368,0.003147994651914815,0.011857901699847628,-0.002435901788575025,0.0037786903714274378,-0.006749502603622399
1994-05-01,0.011296821038152619,-0.001025913039131433,0.04994346696499733,-0.009562433439579104,0.0010253596222854705,-0.043756083506381584,0.0033025995614233182,0.01091776610537707,-0.0026586053843704912,0.0038417358190558784,-0.00692808683461127
1994-06-01,-0.027874673194348693,-0.0010115320114130913,-0.0529943874613273,-0.032243497377115106,0.0010255554779721636,-0.01284323424306926,0.0032716785795216174,-0.027588403269701262,-0.002614064665211398,0.0038302730103961617,-0.006895616974431474
1994-07-01,0.03274329899289113,-0.001054675094568116,0.06183466629639852,0.01853616087095147,0.001024184488165312,0.0573391820774756,0.00336444152522672,0.03199997725929433,-0.002747686822688679,0.003910512671014177,-0.007122905995690035
1994-08-01,0.041235704836738454,-0.0010587839596304992,0.03719130051495165,0.056450756349443514,0.0010245761995386982,0.05614356237916638,0.0033732760914843484,0.04034814023424063,-0.0027604127424484194,0.0038875870536947445,-0.007057966275330449
1994-09-01,-0.02485551980852939,-0.0010978181777231402,-0.023844857701735625,-0.0014338401580199136,0.0010219321477683418,-0.06260559973276456,0.0034572044709318215,-0.024620529975063456,-0.0028813089801659583,0.004042334970600916,-0.007496309387757675
1994-10-01,0.018290642442467378,-0.0011697233163148477,0.013694147795385291,-0.0010721007009589553,0.0010196798073713713,0.026216602048440465,0.0036118093804403248,0.01779279798379198,-0.0031040125759614254,0.004174157270187655,-0.007869712779825313
1994-11-01,-0.0382291351207114,-0.0012519006175625133,-0.08004435865010491,-0.0382955699514518,0.0010186026010945593,-0.0012449945131052325,0.0037885007055929003,-0.03776699544588392,-0.0033585309711562446,0.0042372027178160954,-0.008048297010814182
1994-12-01,0.01318475249390148,-0.0013073702959046874,-0.017898657863269454,0.02768667595321642,0.0010207570136481832,-0.0012395689432353114,0.0039077673500708884,0.01277363118859582,-0.003530330887912747,0.004111111822559215,-0.007691128548836443
1995-01-01,0.025755323840486108,-0.0012970981332487293,-0.06706169593586728,-0.01061411078486937,0.0010207570136481832,-0.019394561378864222,0.003885680934426816,0.025130692334644045,-0.0034985160885133942,0.004111111822559215,-0.007691128548836443
1995-02-01,0.04010515949135851,-0.0012128663994698718,0.09740927161222869,0.041777297768471645,0.001022715570515114,0.009373927418183844,0.0037045723261454264,0.03923679711577245,-0.003237634733438705,0.00399648373596205,-0.007366429947038494
1995-03-01,0.024891637618220733,-0.0011389068283469731,0.026223571296645175,0.019203698099186154,0.0010240865603219655,0.04465249017729431,0.0035455501335081097,0.024281675757332123,-0.0030085681777633684,0.003916244075344035,-0.007139140925779933
1995-04-01,0.026915756304883222,-0.0010957637451919485,-0.013664556745029125,0.023460351581067768,0.0010249679109120844,0.027767317793590384,0.0034527871878030072,0.026271414941680563,-0.002874946020286088,0.003864661436375311,-0.006993026554970858
1995-05-01,0.037347401937741956,-0.0010115320114130913,0.0912043373826822,0.018182054949705255,0.001028689168959253,0.03429721380155515,0.0032716785795216174,0.036525879864960704,-0.002614064665211398,0.0036468680718406993,-0.006376099211554762
1995-06-01,0.025829032243714925,-0.0009149736824470844,-0.010175167964252456,0.05172024509257896,0.0010321166434763818,0.0023191565331909733,0.003064066272467342,0.02520314880623661,-0.0023150055508574857,0.0034462689202956615,-0.0058078766584083565
1995-07-01,0.03887794155235656,-0.000933463575227809,0.023159627276595547,0.05880352581483651,0.0010310394371995698,0.046691505825573645,0.0031038218206266713,0.038030423380349954,-0.00237227218977632,0.003509314367924102,-0.005986460889397226
1995-08-01,0.006146643300963561,-0.0009766066583828336,-0.015417422576767816,0.021441784862515786,0.0010294725917060251,0.007716443579314641,0.003196584766331774,0.005855063746287204,-0.0025058943472536003,0.0036010168372018333,-0.0062462197708355845
1995-09-01,0.041380645499791584,-0.000933463575227809,0.039759021959636466,0.019435618247921654,0.0010319207877896887,0.012080436005459971,0.0031038218206266713,0.0404906190911291,-0.00237227218977632,0.003457731728955378,-0.005840346518588152
1995-10-01,-0.004855966694200554,-0.0009088103848535094,0.014365387480261638,-0.041526479929453394,0.0010338793446566196,0.009413178138533566,0.003050814423080899,-0.0049606677529261635,-0.002295916671217874,0.0033431036423582135,-0.005515647916790206
1995-11-01,0.04372001294638834,-0.0008677217342296767,0.006788001269063699,0.043979145258027146,0.0010348586230900848,0.04041331871761511,0.0029624687605046118,0.042790252559143656,-0.002168657473620465,0.0032857895990596317,-0.005353298615891232
1995-12-01,0.015525920249202822,-0.0008307419486682272,0.022942939199263893,0.026639848974693476,0.0010368171799570156,0.010242089345367902,0.002882957664185953,0.015075034387208214,-0.0020541241957827963,0.003171161512462467,-0.005028600014093286
1996-01-01,0.032473651660083945,-0.0007917077305755861,0.0929620641972992,0.0013098018368991812,0.0010369151078003622,0.02188535485246587,0.00279902928473848,0.031734909865975526,-0.0019332279580652578,0.003165430108132609,-0.005012365084003388
1996-02-01,0.012097090923484015,-0.0007793811353884361,-0.009651736785928242,0.03285315288966868,0.0010351524066201244,-0.0043752230588617064,0.0027725255859655934,0.011704443467426162,-0.0018950501987860342,0.003268595386070057,-0.0053045938256215406
1996-03-01,0.00860357742203348,-0.0009129192499158928,-0.005877707136729303,0.020776895720627856,0.001031627004259649,-0.0034671765526674008,0.0030596489893385276,0.008270267027729306,-0.0023086425909776154,0.003474925941944953,-0.005889051308857842
1996-04-01,0.015559953168958454,-0.0009786610909140253,0.0050632865503465845,0.05508315271616974,0.001030158086609451,0.03431772691395798,0.003201002049460588,0.015108489260404027,-0.002512257307133471,0.003560897006892826,-0.006132575260206301
1996-05-01,0.02314612930614677,-0.0010115320114130913,0.023547986739080054,0.04137185279890091,0.0010289829524892926,-0.01388863344782961,0.0032716785795216174,0.022565814771499233,-0.002614064665211398,0.0036296738588511247,-0.00632739442128507
1996-06-01,0.0006270591448153348,-0.0010567295270993075,-0.01037393287754907,-0.03818269226224357,0.0010281016018991737,-0.005703955971451716,0.003368858808355534,0.0004292293082356765,-0.0027540497825685483,0.0036812564978198486,-0.006473508792094146
1996-07-01,-0.04890257897423019,-0.001048511796974541,-0.016713982221225575,-0.08350914576932145,0.001028689168959253,0.0016906867269048265,0.003351189675840277,-0.048259151665392505,-0.0027285979430490674,0.0036468680718406993,-0.006376099211554762
1996-08-01,0.026328313533967987,-0.0009992054162259417,0.03554256961163531,0.05865975338513213,0.001030549797982837,0.04624303885493583,0.0032451748807487317,0.02569394984165742,-0.0025758869059321755,0.0035379713895733926,-0.006067635539846713
1996-09-01,0.056778700652619016,-0.0010402940668497744,0.050700704177325785,0.0399056212219002,0.0010285912411159065,0.02503595056533787,0.003333520543325019,0.05562713944550492,-0.0027031461035295855,0.0036525994761705573,-0.00639233414164466
1996-10-01,0.02241646538231558,-0.0009724977933204502,0.03804274675418513,-0.0133438734666271,0.001031235292886263,0.009860547831993968,0.0031877502000741444,0.02184854413405146,-0.0024931684274938594,0.0034978515592643854,-0.005953991029217432
1996-11-01,0.07370832923442808,-0.0009190825475094678,0.05541770676079713,0.04215080580438588,0.0010340752003433127,0.02270441398088035,0.0030729008387249714,0.0722692195703784,-0.002327731470617227,0.003331640833698497,-0.00548317805661041
1996-12-01,-0.017153861037973762,-0.0009375724402901923,0.007578068443646805,0.026694191299019954,0.0010330959219098472,0.017990309617864082,0.0031126563868843,-0.017049683294366503,-0.0023849981095360614,0.0033889548769970796,-0.005645527357509385
1997-01-01,0.06073092459166094,-0.0009889332535699834,-0.0020697491771977834,0.021650373425091733,0.0010309415093562233,0.04030162516210933,0.0032230884651046595,0.05951223516081507,-0.0025440721065328234,0.00351504577225396,-0.006002695819487124
1997-02-01,0.0030197007526835884,-0.0009622256306644921,0.008596711223808087,-0.021822705471358853,0.0010320187156330353,0.010987885689420086,0.003165663784430073,0.002781232079934683,-0.002461353628094507,0.0034520003246255194,-0.005824111588498254
1997-03-01,-0.0455563421534786,-0.0010341307692561994,-0.040039419114842524,-0.044520774534636605,0.0010296684473927182,0.004727794511628339,0.0033202686939385754,-0.04496975042314746,-0.002684057223889973,0.0035895540285421166,-0.006213749910655789
1997-04-01,0.05481299293979663,-0.0010813827174736073,0.024973401922281917,0.004402217486026123,0.0010279057462124807,0.031053891686742247,0.0034218662059013073,0.05369481912903779,-0.0028304053011269947,0.0036927193064795654,-0.006505978652273941
1997-05-01,0.06413635448056737,-0.0010423484993809658,0.10405452350860607,0.1111583716298332,0.0010293746638626786,0.04373039770963818,0.0033379378264538333,0.06285982408144358,-0.002709509063409455,0.003606748241531692,-0.006262454700925482
1997-06-01,0.042173846628802095,-0.0010053687138195167,0.02518636488261517,0.04336757722916746,0.0010310394371995698,0.00024211470302023174,0.0032584267301351746,0.04127034775914708,-0.002594975785571787,0.003509314367924102,-0.005986460889397226
1997-07-01,0.08239927290220861,-0.0009560623330709171,0.0578270660713972,0.04797205359650026,0.0010336834889699265,0.06673693552307677,0.0031524119350436293,0.08081254821938236,-0.0024422647484548953,0.0033545664510179294,-0.005548117776969998
1997-08-01,-0.04857436099222121,-0.0009683889282580669,-0.08970736399717327,0.02432897604093317,0.0010329000662231541,-0.013867970373555418,0.003178915633816516,-0.047936508440904586,-0.002480442507734118,0.0034004176856567954,-0.005677997217689179
1997-09-01,0.055730973222530775,-0.000951953468008534,0.049350950223931406,0.07356276597784796,0.00103358556112658,0.08857517197114859,0.0031435773687860016,0.054597207586320966,-0.0024295388286951548,0.003360297855347789,-0.005564352707059899
1997-10-01,-0.03298682417045881,-0.0009231914125718509,-0.19888372158171366,-0.04131007322094946,0.0010350544787767779,-0.06972887776943089,0.0030817354049826,-0.03261372474936385,-0.002340457390376968,0.003274326790399916,-0.005320828755711438
1997-11-01,0.04414821092958797,-0.0009067559523223178,-0.001709171772272161,-0.004422033087475269,0.001036327540740283,0.0016269486562021812,0.003046397139952085,0.043211177632087934,-0.002289553711338004,0.0031998185341117584,-0.005109774664542773
1997-12-01,0.02055777257837795,-0.0009026470872599346,0.01747947805161239,0.01934588520767751,0.001037404747017095,0.0639317558995052,0.0030375625736944563,0.02002142108636139,-0.002276827791578263,0.0031367730864833177,-0.004931190433553902
1998-01-01,0.007724445101706884,-0.0008286875161370355,-0.09028665938273349,-0.01250695886940379,0.001038873664667293,0.0639711046694546,0.0028785403810571387,0.007406066703159765,-0.002047761235902926,0.0030508020215354453,-0.004687666482205445
1998-02-01,0.07231060623903779,-0.0008389596787929936,0.17125320403958613,0.07565007938342896,0.0010382860976072138,0.057912177133415156,0.00290062679670121,0.07089523679401334,-0.002079576035302278,0.0030851904475145938,-0.004785076062744827
1998-03-01,0.051238413659746164,-0.0008677217342296767,0.00689264723537414,0.04318996771415192,0.001037796458390481,0.031101802389160632,0.0029624687605046118,0.05018095380683971,-0.002168657473620465,0.003113847469163885,-0.0048662507131943126
1998-04-01,0.010353510870120694,-0.0008697761667608684,-0.06358269564071652,0.007653131681426019,0.0010380902419205207,0.0030908556386480693,0.002966886043633426,0.009990477988976017,-0.0021750204335003356,0.0030966532561743105,-0.0048175459229246225
1998-05-01,-0.021740732341628953,-0.0008759394643544434,-0.0919675734982989,-0.05023628961358436,0.0010380902419205207,-0.0056212208203473765,0.002980137893019869,-0.021558646936955504,-0.002194109313139947,0.0030966532561743105,-0.0048175459229246225
1998-06-01,0.037576931956482915,-0.0008574495715737184,-0.02571586298734748,0.004796549621910455,0.0010396570874140654,-0.002513888829977214,0.0029403823448605395,0.036751511333748814,-0.0021368426742211124,0.0030049507868965784,-0.004557787041486266
1998-07-01,-0.01169172340616272,-0.0008471774089177603,-0.04455520844637681,-0.07760295351516623,0.0010394612317273723,0.004443972569813047,0.002918295929216468,-0.011680319655795017,-0.0021050278748217604,0.003016413595556295,-0.004590256901666061
1998-08-01,-0.15202781452940695,-0.0007999254607003526,-0.05304548924058337,-0.18806975800346995,0.001039755015257412,-0.09277017250651116,0.002816698417253737,-0.14963281291923639,-0.0019586797975847396,0.0029992193825667205,-0.004541552111396368
1998-09-01,0.06771316368433973,-0.000672550643766471,0.06247269494753527,0.0775837821778749,0.0010409301493775702,-0.03006425382447423,0.0025428268632672456,0.06637588145227835,-0.00156417628503277,0.002930442530608422,-0.0043467329503176005
1998-10-01,0.08105706030491101,-0.0005821556123940389,0.2039818521123505,0.0424606814213874,0.0010412239329076099,0.07446653838843693,0.002348466405599413,0.0794931330012102,-0.001284206050318469,0.002913248317618848,-0.00429802816004791
1998-11-01,0.06307913665592382,-0.000662278481110513,0.021459101666022412,0.05397082171388395,0.0010408322215342237,0.05753112894262367,0.0025207404476231743,0.06182056302133577,-0.001532361485633418,0.0029361739349382807,-0.004362967880407498
1998-12-01,0.0643753529376594,-0.0006437885883297883,-0.018928840258686304,0.06286420315108958,0.001042692850557808,0.026842692720143564,0.002480984899463845,0.0630947631678758,-0.0014750948467145836,0.002827277252670974,-0.00405450420869945
1999-01-01,0.03732033626624509,-0.0006704962112352794,-0.0326992176869923,0.015373074553669916,0.001042496994871115,0.005887366588552158,0.0025384095801384314,0.036499273901840615,-0.0015578133251528997,0.0028387400613306907,-0.004086974068879245
1999-02-01,-0.032192954929010156,-0.000730074754639837,0.03019320628275804,-0.07714995404836979,0.0010409301493775702,0.04906312889710891,0.002666510790874048,-0.0318333393167468,-0.0017423391616691432,0.002930442530608422,-0.0043467329503176005
1999-03-01,0.03893280702015191,-0.0007732178377948616,0.08066838869193427,0.01657427030062628,0.0010387757368239465,0.02235624739831348,0.0027592737365791506,0.038084356962337675,-0.0018759613191464235,0.0030565334258653024,-0.004703901412295341
1999-04-01,0.043587771568320846,-0.0007567823775453282,0.15580633698539298,0.08995167540601667,0.0010385798811372534,0.04280713776639824,0.0027239354715486355,0.0426602572908489,-0.0018250576401074598,0.003067996234525019,-0.004736371272475135
1999-05-01,-0.022260698594467693,-0.0008184153534810774,-0.05695338992901242,0.016449301622194216,0.0010357399736802037,-0.043969780632542026,0.0028564539654130664,-0.022069781602441937,-0.0020159464365035735,0.0032342069600909077,-0.005207184245082157
1999-06-01,0.052963145565471464,-0.000894429357135168,0.08350121031470088,0.045638868948339774,0.0010328021383798076,0.01790943535764132,0.0030198934411791983,0.051876391272009374,-0.0022513759520587815,0.0034061490899866542,-0.005694232147779077
1999-07-01,-0.03154756576929284,-0.0008779938968856349,-0.013053722802842836,-0.024534901312020303,0.0010331938497531938,-0.009428179847204362,0.002984555176148683,-0.031198912042938728,-0.0022004722730198174,0.0033832234726672216,-0.005629292427419487
1999-08-01,-0.009313942891214561,-0.0009088103848535094,0.020129930247214906,-0.03422865650701211,0.0010311373650429164,0.005934175144522529,0.003050814423080899,-0.009342925562480432,-0.002295916671217874,0.003503582963594244,-0.0059702259593073315
1999-09-01,-0.027566074550925947,-0.0009047015197911263,-0.03386557067014146,0.0019264263050576007,0.001031235292886263,-0.029521785019122893,0.0030419798568232705,-0.027285046150822292,-0.0022831907514581336,0.0034978515592643854,-0.005953991029217432
1999-10-01,0.06769436331642018,-0.0009437357378837673,0.03306264836146017,0.00621896351614737,0.0010296684473927182,0.039602643766551655,0.0031259082362707436,0.06635740040718144,-0.0024040869891756725,0.0035895540285421166,-0.006213749910655789
1999-11-01,0.026433971607266495,-0.0009396268728213842,0.11527229752449396,0.06137581947405845,0.0010315290764163025,0.056012959956312655,0.003117073670013115,0.025797813320597707,-0.002391361069415932,0.0034806573462748108,-0.00590528623894774
1999-12-01,0.06205413065644622,-0.0009848243885076,0.07592303565943966,0.11263094454830684,0.0010296684473927182,0.052070687719168354,0.003214253898847031,0.06081296667098753,-0.002531346186773082,0.0035895540285421166,-0.006213749910655789
2000-01-01,-0.04084755031532764,-0.0010567295270993075,-0.05372502498186399,-0.013420141607218068,0.001027416106995748,-0.08778474690125476,0.003368858808355534,-0.04034093705709045,-0.0027540497825685483,0.0037213763281288567,-0.006587153302723427
2000-02-01,-0.0028579361799222543,-0.0010896004475983738,0.07753573164799236,0.16425098268382138,0.0010283953854292134,-0.0017829362019279077,0.0034395353384165644,-0.00299657363533339,-0.0028558571406464765,0.003664062284830273,-0.006424804001824452
2000-03-01,0.09135039013996318,-0.001064947257224074,0.014158003177757483,-0.06245057593473767,0.0010283953854292134,0.050995068410358495,0.0033865279408707913,0.08961163141001488,-0.00277950162208803,0.003664062284830273,-0.006424804001824452
2000-04-01,-0.032284125674317675,-0.0010300219041938163,-0.07042219986326125,-0.05662956490617752,0.0010287870968025995,-0.02747247194573923,0.0033114341276809477,-0.0319229615338628,-0.0026713313041302326,0.0036411366675108406,-0.006359864281464864
2000-05-01,-0.02578528944155694,-0.0011142536379726733,-0.03131051361330733,-0.0551381862994959,0.0010253596222854705,0.008550662140712408,0.0034925427359623366,-0.025534507541419806,-0.002932212659204922,0.0038417358190558784,-0.00692808683461127
2000-06-01,0.02663456255783428,-0.0010444029319121575,0.07241373492485773,0.08772701194496954,0.00102849331327256,-0.003331750861831883,0.0033423551095826476,0.025994997249089827,-0.002715872023289326,0.003658330880500416,-0.006408569071734558
2000-07-01,-0.017286015445591246,-0.0010135864439442832,0.03395025579593716,-0.02832930067975212,0.001028689168959253,0.011688740854031389,0.0032760958626504326,-0.01717959306939775,-0.002620427625091269,0.0036468680718406993,-0.006376099211554762
2000-08-01,0.07609474611089818,-0.000990987686101175,0.015142711869793504,0.07614692960819171,0.0010296684473927182,0.049979126114196616,0.0032275057482334737,0.07461510333726977,-0.0025504350664126937,0.0035895540285421166,-0.006213749910655789
2000-09-01,-0.04696694930725815,-0.0009601711981333005,-0.054022722079957966,-0.026992917690014245,0.0010289829524892926,-0.05064783418707699,0.0031612465013012587,-0.04635639852144913,-0.002454990668214636,0.0036296738588511247,-0.00632739442128507
2000-10-01,-0.01120646511191664,-0.0009252458451030426,-0.02872245152694873,-0.041441244466971484,0.0010296684473927182,0.02565696285231146,0.003086152688111414,-0.011203303436857992,-0.002346820350256838,0.0035895540285421166,-0.006213749910655789
2000-11-01,-0.09273556277574574,-0.0009129192499158928,-0.03771645178395502,-0.0988646215422351,0.0010306477258261836,-0.040377393041731595,0.0030596489893385276,-0.0913476355628434,-0.0023086425909776154,0.0035322399852435347,-0.0060514006097568155
2000-12-01,0.01262068999510614,-0.0008040343257627359,0.059583461884378144,0.08584997156739095,0.0010329979940665007,0.016231667727645213,0.0028255329835113656,0.012219149248544583,-0.0019714057173444806,0.0033946862813269375,-0.005661762287599281
2001-01-01,0.0339294691710987,-0.0007033671317343455,0.050754409699030015,0.05348679457813391,0.00103358556112658,0.015253896992156317,0.0026090861101994607,0.033166000427025076,-0.0016596206832308266,0.003360297855347789,-0.005564352707059899
2001-02-01,-0.09469168803346051,-0.0006910405365471959,-0.051885305197258154,-0.06242625942461073,0.0010340752003433127,-0.05405350193410888,0.002582582411426575,-0.09327053618147582,-0.0016214429239516043,0.003331640833698497,-0.00548317805661041
2001-03-01,-0.06681346479289939,-0.0006335164256738299,-0.09025834168871899,-0.04616873824798565,0.001035250334463471,-0.04231158353435873,0.0024588984838197726,-0.06586582244741043,-0.0014432800473152306,0.003262863981740198,-0.005288358895531643
2001-04-01,0.08212931236972146,-0.0006314619931426382,0.03851591181070252,0.07890938614158872,0.0010330959219098472,0.060393442210354635,0.0024544812006909583,0.0805471729460564,-0.00143691708743536,0.0033889548769970796,-0.005645527357509385
2001-05-01,0.006718697525984089,-0.0006499518859233631,-0.006337613189016881,0.025744882925359716,0.0010322145713197283,-0.023722841116255187,0.0024942367488502877,0.006417401673700065,-0.0014941837263541947,0.0034405375159658035,-0.00579164172831846
2001-06-01,-0.022817862832957593,-0.0006170809654242967,-0.002324564093435625,0.0350379533262895,0.0010332917775965403,-0.02170424234092066,0.0024235602187892575,-0.022617482448615625,-0.001392376368276267,0.003377492068337363,-0.005613057497329589
2001-07-01,-0.013131600247319112,-0.0006088632352995303,-0.033907174845786966,-0.05018183066576134,0.001033781416813273,-0.015552656475727138,0.0024058910862740004,-0.013095740298054246,-0.0013669245287567851,0.0033488350466880723,-0.0055318828468801035
2001-08-01,-0.06202960526903868,-0.000553393556957356,-0.06428820943327948,-0.029687104725642118,0.0010348586230900848,-0.02820003228135643,0.002286624441796012,-0.06116321641458973,-0.0011951246120002821,0.0032857895990596317,-0.005353298615891232
2001-09-01,-0.08570741364994104,-0.00043218203761704937,-0.06651239551017461,-0.13022801135067022,0.0010333897054398869,-0.07546098472216857,0.0020260047371959636,-0.08443885901668344,-0.0008197099790879245,0.003371760664007505,-0.005596822567239691
2001-10-01,0.021471315693875725,-0.00036849462915010856,0.013174454033709133,0.059608648597294096,0.0010347606952467382,0.03033983797346518,0.0018890689602027184,0.020919447741357032,-0.0006224582228119397,0.0032915210033894896,-0.00536953354598113
2001-11-01,0.07795567871783765,-0.00038493008939964157,0.08739191135814234,0.07787042569346801,0.0010353482623068175,0.03486699781024143,0.001924407225233233,0.07644442814507763,-0.0006733619018509033,0.0032571325774103403,-0.005272123965441747
2001-12-01,0.010864181259565283,-0.0004671073906473073,0.011839026219929827,0.062169038210703444,0.0010373068191737484,0.006245814172346442,0.002101098550385808,0.010492474680602729,-0.0009278802970457225,0.0031425044908131756,-0.0049474253636438
2002-01-01,-0.01256723337463173,-0.0004547807954601574,-0.03619216989166865,-0.007704346719188896,0.0010394612317273723,-0.005955542500408894,0.0020745948516129216,-0.012540959153878428,-0.0008897025377664993,0.003016413595556295,-0.004590256901666061
2002-02-01,-0.020422009650760818,-0.0004527263629289656,-0.01105939097859234,-0.024764371016812944,0.0010398529431007585,-0.008131749335419608,0.0020701775684841073,-0.020262322650934392,-0.0008833395778866291,0.0029934879782368617,-0.00452531718130647
2002-03-01,0.042173546635659157,-0.0005739378822692723,0.04093320891030158,0.08069871620885306,0.0010369151078003622,0.03578862759445281,0.002330797273084156,0.04127005286136491,-0.0012587542107989872,0.003165430108132609,-0.005012365084003388
2002-04-01,-0.05772453548443343,-0.000547230259363781,0.03374523467920274,0.011298188954390546,0.001037404747017095,-0.015598084664331211,0.0022733725924095685,-0.05693126791363115,-0.0011760357323606706,0.0031367730864833177,-0.004931190433553902
2002-05-01,-0.009069135026275581,-0.0005040871762087566,-0.007172116636096749,-0.041433934378759314,0.0010375026748604414,-0.01122773625273786,0.002180609646704467,-0.009102275740552779,-0.0010424135748833907,0.00313104168215346,-0.004914955503464006
2002-06-01,-0.07484862712517797,-0.00044039976774181593,-0.0384634675480691,-0.04683625782464733,0.0010386778089806,-0.07707638762355086,0.002043673869711221,-0.07376450815713889,-0.0008451618186074063,0.003062264830195161,-0.004720136342385239
2002-07-01,-0.07495371463358888,-0.0003417870062446172,-0.017020842453876486,-0.1457837330481574,0.0010396570874140654,-0.0807066011869527,0.0018316442795281312,-0.07386781076219288,-0.0005397397443736233,0.0030049507868965784,-0.004557787041486266
2002-08-01,0.004882124135966666,-0.00024111981221622693,-0.010459907047327268,-0.0005086375244738464,0.0010412239329076099,-0.0005603687599467946,0.0016151974062162267,0.004612022343363069,-0.00022795471025997024,0.002913248317618848,-0.00429802816004791
2002-09-01,-0.10913902152495515,-0.00020003116159239412,-0.062340194455937706,-0.06886100138942479,0.0010433783454612338,-0.11087651372282147,0.005758912215279757,-0.10747248280980108,-0.00010069551266256044,0.0027871574223619668,-0.00394085969807017
2002-10-01,0.08409293232021184,-0.00018565013387405267,0.03275037522714021,0.033557761275989605,0.0010417135721243426,0.08554983245230058,0.002608677495137615,0.0824774409606763,-5.615479350346724e-05,0.0028845912959695567,-0.004216853509598423
2002-11-01,0.05877781531292891,-0.00020003116159239412,0.05067537103696514,0.08943913594195947,0.0010418114999676891,0.03446893949897871,-0.004021723781807888,0.0575922992949912,-0.00010069551266256044,0.002878859891639698,-0.004200618579508523
2002-12-01,-0.05781030493138142,-0.0001815412688116694,-0.046837942299582457,-0.0530225231612644,0.0010427907784011546,-0.04892337167095103,0.008977269707862981,-0.057015580573030446,-4.342887374372633e-05,0.002821545848341116,-0.0040382692786095535
2003-01-01,-0.02455119193172909,-0.00017126910615571122,-2.5551080139223775e-05,-0.0248268212307622,0.0010431824897745407,-0.08699880131739422,0.0024319384596213868,-0.024321371084159903,-1.1614074344374042e-05,0.0027986202310216826,-0.003973329558249962
2003-02-01,-0.01639520679325048,-0.00014456148325021982,-0.005583412392763786,-0.02757214095701853,0.0010453369023281645,0.02739514519202656,0.002431042389338783,-0.016303914734427365,7.110440409394234e-05,0.002672529335764803,-0.0036161610962722234
2003-03-01,0.01039596072665873,-0.00013018045553187836,-0.032429412021989255,0.014082769035039487,0.0010459244693882437,-0.0073829058822634,0.001971355380058322,0.010032206837921616,0.00011564512325303554,0.002638140909785653,-0.003518751515732838
2003-04-01,0.08196023794633035,-0.00014661591578141154,0.01123550597571381,0.09503230045981036,0.0010473933870384419,0.08662851713613147,0.001543027787741677,0.08038097023891816,6.474144421407166e-05,0.0025521698448377796,-0.003275227564384379
2003-05-01,0.05741100639348266,-8.292850731447078e-05,0.06573751828064374,0.10729526499770126,0.0010524856348924619,0.03350503836331857,0.0034220388227699495,0.05624870552133584,0.0002619932004900563,0.0022541368196851526,-0.0024310111997097204
2003-06-01,0.013261177024708614,-3.3622126565871415e-05,0.011147585190354872,0.01953953621136715,0.0010549338309761255,-0.00029562211629543525,0.0019414391658151727,0.012848757654545868,0.0004147042376069478,0.0021108517114386965,-0.002025137947462288
2003-07-01,0.020111676573184648,-0.00011990829287592019,0.04489829033434024,0.06364959303800462,0.0010498415831221054,0.03360681785705369,-0.004999980795094794,0.019582901987969,0.00014745992265238804,0.0024088847365913244,-0.0028693543121369484
2003-08-01,0.02030916414039189,-0.0002246843519666938,0.05745932835086285,0.04725232584836063,0.0010460223972315903,0.004649780328619814,-0.0004693187373657538,0.01977703524383149,-0.00017705103122100615,0.002632409505455795,-0.003502516585642942
2003-09-01,-0.010455287853916561,-0.0001815412688116694,0.0249561313159105,-0.016070777487221223,0.001047589242725135,-0.012368528902074799,0.009539767238738932,-0.010464884867589876,-4.342887374372633e-05,0.0025407070361780637,-0.003242757704204585
2003-10-01,0.059296561368358015,-0.00018770456640524428,0.06377054905617216,0.08470629432628045,0.001047785098411828,0.049678940831034336,-0.0039473055426648695,0.05810223448802841,-6.25177533833377e-05,0.002529244227518347,-0.003210287844024791
2003-11-01,0.011830725337172675,-0.00022673878449788547,0.011832462172954,0.037116321458445685,0.0010482747376285607,0.0159961707804358,-0.0008208160352652097,0.011442602080387974,-0.00018341399110087682,0.0025005872058690556,-0.0031291131935753053
2003-12-01,0.04824314230571299,-0.0002246843519666938,0.01912267879620238,0.021813702097179737,0.0010485685211586004,0.0333380685456935,0.005373793735369097,0.04723655690949019,-0.00017705103122100615,0.002483392992879481,-0.0030804084033056118
2004-01-01,0.01953506777098707,-0.00018975899893643595,0.04385766945677925,0.045161918600134354,0.0010493519439053727,-0.014744772970685422,0.008042813961000985,0.01901608684252687,-6.888071326320837e-05,0.002437541758240615,-0.002950528962586434
2004-02-01,0.013709008128239357,-0.00018565013387405267,0.03676359461506937,0.011251451229353983,0.0010497436552787589,0.025855413870787172,0.0033897919369751985,0.013288982380762083,-5.615479350346724e-05,0.0024146161409211823,-0.0028855892422268445
2004-03-01,-0.013853210957858379,-0.0001342893205942617,-0.056367955745713696,0.011101213852534028,0.00105140842861565,-0.019012042496136874,0.002893981051183358,-0.01380509450542683,0.00010291920349329462,0.0023171822673135924,-0.0026095954306985915
2004-04-01,-0.018174781850595366,-0.00025139197487218505,-0.03570522656656119,-0.0475704651146769,0.0010474913148817884,0.02642687335169716,-0.010702959805542901,-0.018053263844447547,-0.0002597695096593223,0.0025464384405079216,-0.003258992634294483
2004-05-01,0.01433202469255049,-0.000360276899025342,0.019393159521298005,0.018005287695722537,0.0010444555517380458,-0.008887170603015608,-1.7370652727783337e-05,0.01390141705599944,-0.0005970063832924579,0.002724111974733526,-0.003762275467081299
2004-06-01,0.01813384179200623,-0.00039314781952440813,0.009566471044643548,0.04326788865853981,0.0010447493352680854,0.01092787632311756,-0.00029569368226780717,0.01763866058048175,-0.0006988137413703852,0.0027069177617439514,-0.003713570676811607
2004-07-01,-0.03550948836581092,-0.00035000473636938377,0.001914562719098031,-0.06358988592929242,0.0010466099642916695,-0.007242217491985222,0.0024977648466921573,-0.035093541684763696,-0.0005651915838931054,0.0025980210794766456,-0.0034051070051035583
2004-08-01,0.004590278270023843,-0.00031507938333912586,0.03922059027322442,-0.0028381822128551535,0.0010482747376285607,0.013735853181675521,0.00743712398215714,0.004325133457309638,-0.00045702126593530714,0.0025005872058690556,-0.0031291131935753053
2004-09-01,0.012667831127997735,-0.00030480722068316774,0.01912799693624319,0.04792776383019526,0.001050135366652145,0.027663423064918664,-0.0008066449842985006,0.01226548969287082,-0.00042520646653595507,0.0023916905236017498,-0.0028206495218672566
2004-10-01,0.01643157292837866,-0.00030891608574555097,0.0011545599059699465,0.02172303184595614,0.0010500374388087985,0.014899276338216527,0.002950548499893007,0.01596530462434416,-0.000437932386295696,0.0023974219279316077,-0.0028368844519571527
2004-11-01,0.04293108932370122,-0.0003582224664941502,0.05789371340361043,0.087144362686872,0.0010495477995920658,0.02007459590362686,-0.005826105614702104,0.042014728744328725,-0.0005906434234125872,0.002426078949580899,-0.00291805910240664
2004-12-01,0.03641950735737263,-0.0003828756568684499,0.01297333911251288,0.03069943389950051,0.0010500374388087985,0.02633938924043528,0.0003311222779107096,0.03561374550363545,-0.0006669989419710327,0.0023974219279316077,-0.0028368844519571527
2005-01-01,-0.025191558802544138,-0.0004198554424298995,-0.020122178891446886,-0.03834509032962782,0.0010511146450856103,0.01126790468760195,0.003306917991578365,-0.024950861372261646,-0.0007815322198087013,0.002334376480303168,-0.0026583002209682833
2005-02-01,0.022072764170430817,-0.00045067193039777405,0.028488475272829245,0.018928438197004228,0.001052681490579155,0.0266511074933271,-0.004668218624582361,0.021510680661172413,-0.0008769766180067588,0.002242674011025436,-0.0023985413395299264
2005-03-01,-0.016171487788903698,-0.0005266859340518648,-0.028470658795284452,-0.02624446513715665,0.0010507229337122243,-0.010585853809194195,0.0002498548939427668,-0.016925710358181138,-0.0011124061335619664,0.0023573020976226005,-0.002723239941327873
2005-04-01,-0.01857187576010478,-0.0005020327436775651,0.02467461058277,-0.053792364056560994,0.00105140842861565,-0.014443538184094865,0.0048660706254834585,-0.026907639418453668,-0.0010360506150035205,0.0023171822673135924,-0.0026095954306985915
2005-05-01,0.035498926015100164,-0.0004876517159592236,0.0025177893388921005,0.06636077661239963,0.0010531711297958877,0.03609227549991608,0.003961789336255631,0.05591093451134883,-0.0009915098958444275,0.0022140169893761453,-0.0023173666890804407
2005-06-01,0.0039236601407231075,-0.00048148841836564873,0.021268475663514717,0.03965536002251704,0.001055031758819472,0.03250474039956168,0.002471306549064249,-0.005079874984790499,-0.0009724210162048159,0.0021051203071088386,-0.002008903017372392
2005-07-01,0.03961973426295483,-0.0005266859340518648,0.03773264652083783,0.06463682350772346,0.0010540524803860066,0.035393463154165604,-0.0037007435982154353,0.03357317185872647,-0.0011124061335619664,0.0021624343504074205,-0.0021712523182713635
2005-08-01,-0.009469051387326058,-0.0005616112870821226,0.005651771172136011,-0.015969377140633068,0.001053758696855967,0.006353126229247829,0.00663794119252376,-0.016003132350421174,-0.0012205764515197644,0.002179628563396996,-0.002219957108541057
2005-09-01,0.009610507910164066,-0.0005369580967078228,0.0289766371684509,0.0050409391655617825,0.0010533669854825808,0.03641110767660857,-0.003561031412630928,0.005808536984962248,-0.0011442209329613185,0.0022025541807164286,-0.002284896828900645
2005-10-01,-0.017566118321360992,-0.000604754370237147,-0.04213830766262358,-0.027992185017604213,0.0010512125729289568,-0.024353687252127644,-0.0009119537455229498,-0.013817751505846958,-0.0013541986089970442,0.002328645075973309,-0.0026420652908783855
2005-11-01,0.03735391315579735,-0.0006335164256738299,0.031093825871708676,0.04969675752610562,0.0010505270780255312,0.02278836904736295,0.00391023187733569,0.04307011465335493,-0.0014432800473152306,0.0023687649062823163,-0.002755709801507667
2005-12-01,0.0014424674262697667,-0.0006252986955490633,0.0017898619541422247,-0.0027542752119543747,0.001051016717242264,0.038264230194049745,0.0004012505631989918,-0.002064668497852818,-0.0014178282077957488,0.002340107884633026,-0.0026745351510581794
2006-01-01,0.028805491966918916,-0.0006170809654242967,0.045382147320332564,0.09056008932525661,0.001051800139989036,0.027835312923580584,0.007751083942971403,0.019602023240124077,-0.001392376368276267,0.00229425664999416,-0.002544655710339002
2006-02-01,0.001396070538423378,-0.0006766595088288543,0.011865043612692996,-0.00028392712073252663,0.0010512125729289568,0.008894702410427805,-0.002738945972266412,0.005552593129286341,-0.0015769022047925105,0.002328645075973309,-0.0026420652908783855
2006-03-01,0.014323502112819629,-0.0006972038341407708,-0.00032893691954917134,0.04947248674266679,0.0010494498717487193,0.03234395590992894,0.0013318808385226234,0.011963466265740007,-0.001640531803591216,0.002431810353910757,-0.0029342940324965363
2006-04-01,0.01229096932459645,-0.0007280203221086453,0.0420908626325917,0.0023724631668521146,0.0010464141086049764,0.013102581134774794,0.0023649605093900568,0.00852550162497111,-0.0017359762017892725,0.0026094838881363623,-0.0034375768652833523
2006-05-01,-0.030787297149825296,-0.0007444557823581782,-0.028764734315398575,-0.05272310349935768,0.0010453369023281645,-0.04391016858386655,0.0017040599548736888,-0.026773283250662167,-0.0017868798808282362,0.002672529335764803,-0.0036161610962722234
2006-06-01,0.0013817876565437098,-0.000769108972732478,0.02248121112200155,0.008122606343812257,0.0010459244693882437,0.022052414166541835,0.0022956144190392604,-0.0007437409819786693,-0.0018632353993866821,0.002638140909785653,-0.003518751515732838
2006-07-01,0.002483227560838951,-0.0007650001076700949,0.0345362495834969,-0.029502463046931385,0.0010463161807616299,0.01929302554076304,0.0065191308242606525,-0.0023582599471382347,-0.0018505094796269412,0.0026152152924662202,-0.00345381179537325
2006-08-01,0.023281284041648614,-0.0007198025919838787,0.0217648418911219,0.03111146746803424,0.0010479809540985211,0.00011653134713500088,0.007392759186753605,0.02471426635554788,-0.0017105243622697903,0.0025177814188586303,-0.0031778179838449954
2006-09-01,0.024210099166112428,-0.0006869316714848126,0.010601297366406973,0.01003241811969334,0.0010496457274354123,0.012579112349016488,0.004378833777678189,0.025579848793854366,-0.0016087170041918634,0.0024203475452510403,-0.0029018241723167424
2006-10-01,0.03478554761587759,-0.0006930949690783874,0.03542001094667271,0.058922703047114736,0.0010496457274354123,0.030775060197962088,0.0041392252929970275,0.042403398270430354,-0.0016278058838314746,0.0024203475452510403,-0.0029018241723167424
2006-11-01,0.020560136714144188,-0.0006766595088288543,0.028624134457963045,0.027811035439368026,0.00105140842861565,-0.008848917885495388,0.004797934134952656,0.011340084600106652,-0.0015769022047925105,0.0023171822673135924,-0.0026095954306985915
2006-12-01,0.012865157399530163,-0.0006643329136417045,0.04125252389662175,0.005064035012602992,0.0010515063564589964,0.03093514310754808,-0.002278749302083561,0.0032284556484653546,-0.0015387244455132881,0.0023114508629837344,-0.0025933605006086937
2007-01-01,0.019846337870589488,-0.0007074759967967289,0.009513545042722251,0.01893745832752481,0.0010507229337122243,0.0009783871157905103,0.008301559038010593,0.015460279424049895,-0.001672346602990568,0.0023573020976226005,-0.002723239941327873
2007-02-01,-0.018679435613505276,-0.0006992582666719623,-0.01105366123974152,-0.005488899395314945,0.0010508208615555709,-0.0011765981086014061,0.0034964275329144147,-0.020749248540995222,-0.0016468947634710861,0.0023515706932927417,-0.0027070050112379734
2007-03-01,0.010999060134401249,-0.0006499518859233631,0.009863684541108218,0.012306974170886317,0.0010517022121456895,0.024897941395118292,0.004883105373267308,0.00017055723593482243,-0.0014941837263541947,0.0022999880543240177,-0.0025608906404288997
2007-04-01,0.04303593029789911,-0.0006684417787040877,0.02270631711248093,0.02012590534837744,0.0010500374388087985,0.02515330642381049,0.002759820040073113,0.05264424847001152,-0.001551450365273029,0.0023974219279316077,-0.0028368844519571527
2007-05-01,0.03569499650068547,-0.0006869316714848126,0.015346448455741804,0.0424221636427096,0.0010500374388087985,0.029304371999931165,-0.0005638268648748611,0.03222671229036042,-0.0016087170041918634,-0.00817511972385104,-0.0028368844519571527
2007-06-01,-0.019293156452745014,-0.0007506190799517534,0.04277355254510822,-0.012470321053565804,0.0010469037478217091,0.0017366251325934188,0.004697056080774107,-0.012457073717412016,-0.0018059687604678482,-0.007047241982395216,-0.0033564022148338665
2007-07-01,-0.031032325011507572,-0.0007136392943903039,0.049484532848928696,-0.06462438832661738,0.0010474913148817884,-0.03222826374192955,0.008881009280698208,-0.026357851912925896,-0.0016914354826301796,0.0075271536186202965,-0.003258992634294483
2007-08-01,0.015073663738201612,-0.0006150265328931051,0.02845504794779989,0.02430497631111953,0.0010469037478217091,-0.004852708043548077,0.010508857595657225,0.023351319048433808,-0.0013860134083963967,0.01646362401822593,-0.0033564022148338665
2007-09-01,0.036478427851369614,-0.0005575024220197392,0.09572399656859029,0.01872245169726526,0.0010473933870384419,0.028559213464729886,0.005494436752708487,0.023622178956058247,-0.001207850531760023,0.004415809346327909,-0.003275227564384379
2007-10-01,0.01798427051730804,-0.000547230259363781,0.11193509843756934,0.03063637589526629,0.0010481768097852142,0.041458962590053196,0.004897749393566572,0.011429083042621363,-0.0011760357323606706,0.011359072608595608,-0.0031453481236652014
2007-11-01,-0.044102243528361146,-0.0004116377123051329,-0.055186469734869514,-0.06825312350397823,0.0010503312223388381,-0.03750800303030309,0.01785669237724869,-0.0439114489109369,-0.0007560803802892195,0.015454152230288655,-0.0027881796616874626
2007-12-01,-0.007001671439834441,-0.0003664401966189169,-0.015472009761661942,0.0009182721619506243,0.0010498415831221054,0.007339358001550023,-3.206043551259407e-05,-0.009446425667125499,-0.000616095262932069,-0.0008271096195098599,-0.0028693543121369484
2008-01-01,-0.06070974021570662,-0.00023906537968503526,-0.10379657656474509,-0.06439856330174527,0.00105140842861565,-0.08193647443002106,0.023438066689208226,-0.0648435854951346,-0.00022159175038009957,0.02527210023321468,-0.0026095954306985915
2008-02-01,-0.03187311038986185,-0.00017332353868690283,0.03044324510027306,-0.03416326471665368,0.0010494498717487193,0.004438038090965467,0.007660281469464076,-0.019943411090268356,-1.79770342242445e-05,-0.004635586081604111,-0.0029342940324965363
2008-03-01,-0.007193067717845258,-9.320066997042895e-05,-0.03755791686522467,0.005701465721226977,0.0010496457274354123,-0.025964676708920616,0.003247263666344237,-0.001260428818455691,0.000230178401090704,0.0060003719097794644,-0.0029018241723167424
2008-04-01,0.05170133894201744,-0.0001815412688116694,0.09261301338722897,0.0433752449311158,0.0010492540160620262,0.06843484903541065,-0.008525995506237302,0.03811731155107911,-4.342887374372633e-05,-3.05249856617359e-06,-0.002966763892676332
2008-05-01,0.01779849836230811,-0.0002760451652464847,-0.028235520633283523,0.047119904166200516,0.001049058160375333,-0.0016157109638880725,-0.0033166784537595174,0.020742267533773225,-0.00033612502821776824,-0.008334024858267538,-0.002999233752856126
2008-06-01,-0.08469158191742,-0.00035616803396295866,-0.06396867315865763,-0.07372401731460376,0.0010479809540985211,-0.06397941771892492,0.0017055028013970512,-0.08350417387098055,-0.0005842804635327169,-0.001484243804060209,-0.0031778179838449954
2008-07-01,-0.01188065391640362,-0.0003130249508079343,0.024297896207824937,0.03851060457006811,0.0010480788819418677,-0.03274360253507756,0.004390434139991006,0.006454564645520615,-0.0004506583060554367,0.0002049449154879099,-0.0031615830537550993
2008-08-01,0.013193615257033924,-0.0002780995977776765,-0.04012284485493554,0.037444729396907205,0.0010483726654719073,0.043488767348314486,0.004097908581137286,0.020814090121878796,-0.0003424879880976389,0.010363978363164687,-0.0031128782634854074
2008-09-01,-0.09827460202301515,-0.00020003116159239412,-0.10102892896995823,-0.07636141665671459,0.0010482747376285607,-0.12108926256570512,0.008160387151116315,-0.07828143755844896,-0.00010069551266256044,0.010166040431194673,-0.0031291131935753053
2008-10-01,-0.17647559460296916,-0.00010552726515757879,-0.1508568677948563,-0.20196630804597382,0.0010421052834977287,-0.0989462079737496,0.010515515651040665,-0.1792996690915526,0.00019200064181148103,-0.01764240018780861,-0.004151913789238835
2008-11-01,-0.07846124444092958,-3.3622126565871415e-05,0.000618007581723287,-0.11437711829528656,0.0010436721289912734,-0.015843184867821814,0.010512518502039046,-0.07759260500133434,0.0004147042376069478,0.043867117462778125,-0.003892154907800478
2008-12-01,0.014716285301686798,5.677290480656067e-05,0.029476586988633827,0.05770301637415612,0.001054150408229353,0.036374664157326674,0.002240825973778797,0.004192981726306454,0.0006946744723212487,0.014628012450792507,-0.0021550173881814657
2009-01-01,-0.08290933730215662,4.444630961941088e-05,-0.048748547790692376,-0.10671492044381557,0.001054150408229353,-0.057795322198278515,0.0028919340356962408,-0.07284132109785856,0.0006564967130420259,0.004023996927340702,-0.0021550173881814657
2009-02-01,-0.10701575568677517,-4.860071129188454e-06,-0.019715866796900836,-0.11744636776882773,0.0010519959956757292,-0.0700721552376872,-0.003085181628606129,-0.09886670330728735,0.0005037856759251344,0.001240775685550247,-0.002512185850159206
2009-03-01,0.08792632627885641,7.4665240579613865e-06,0.04589132683458147,0.08821585137659832,0.0010497436552787589,0.02772157958999955,0.00509741483064941,0.08173544614660046,0.0005419634352043573,0.013133742114012468,-0.0028855892422268445
2009-04-01,0.10246644241518504,5.412091526769719e-06,0.10373776715860616,0.15356355621464374,0.0010508208615555709,0.08121773775825279,-0.0017885832397212201,0.11029905204357492,0.0005356004753244868,0.001540444667639168,-0.0027070050112379734
2009-05-01,0.05483436808006913,-8.968936191571734e-06,0.12274761517705172,0.03135637241483445,0.0010493519439053727,0.04303780325224775,0.0002445135998060057,0.050579582465644965,0.0004910597561653936,-0.0024841049739849756,-0.002950528962586434
2009-06-01,0.0019853827099246962,-8.498293984566239e-05,0.012512895586009916,0.01624844481327355,0.001048666449001947,-0.0328845907576938,-0.0005160219334309377,0.0005013507859917153,0.0002556302406101858,0.002158033967351113,-0.0030641734732157156
2009-07-01,0.07740859417060963,-4.1839856690637975e-05,0.08723048732019983,0.09663158215474091,0.0010506250058688778,0.08470456210012162,0.001324285467775543,0.08347300558993587,0.00038925239808746586,0.009626620825012727,-0.002739474871417769
2009-08-01,0.03582970174723006,-6.238418200255438e-05,-0.0239580628032373,0.03021351136297159,0.0010520939235190757,0.06618596486214964,0.004091058509595066,0.03533209585482666,0.00032562279928876107,0.004952541450857,-0.00249595092006931
2009-09-01,0.04093931377284502,-2.7458828972296522e-05,0.04779085004471431,0.05838702471600414,0.0010533669854825808,0.04762384032813447,0.002414308297551303,0.03188136348384755,0.00043379311724655917,0.00846599756440098,-0.002284896828900645
2009-10-01,-0.022256838662776585,-2.3349963909913187e-05,0.03094079864948658,-0.06425909544174624,0.0010531711297958877,-0.012962347629730584,0.0014073911203574328,-0.011195865889487788,0.0004465190370063002,0.00789339207230003,-0.0023173666890804407
2009-11-01,0.05856179139913248,5.412091526769719e-06,0.006785476669483034,0.032711551181901576,0.0010527794184225015,0.03145573845353969,0.004934072177499686,0.06052567329049916,0.0005356004753244868,0.01370124304457757,-0.0023823064094400286
2009-12-01,0.02442613596518399,-6.914503660380067e-06,0.006219525902652921,0.080421083638035,0.0010520939235190757,0.04472256240807042,-0.014015965891098513,0.020620675086140246,0.0004974227160452641,-0.018550304975197825,-0.00249595092006931
2010-01-01,-0.03617700179958725,-2.9513261503488135e-05,-0.05077792483811392,-0.03349242456871338,0.0010520939235190757,-0.036018863424588876,0.015986680957332786,-0.032397172581832695,0.0004274301573666888,0.020454928643650394,-0.00249595092006931
2010-02-01,0.0324314336397092,-1.1023368722763347e-05,0.02133964640517058,0.04636348466692966,0.0010512125729289568,0.0343611418579441,0.0005983026173592992,0.028807381968963902,0.00048469679628552315,-0.0013032625764989659,-0.0026420652908783855
2010-03-01,0.062112888688282575,-3.3622126565871415e-05,0.025777442042648903,0.08131724055302728,0.0010519959956757292,0.061882014642307616,-0.002583490170901935,0.05229525761705475,0.0004147042376069478,0.0005104317922285525,-0.002512185850159206
2010-04-01,0.019121892702917996,-6.0329749471362654e-05,0.00034217139744854245,0.058024971851667474,0.001051800139989036,-0.017603273715379744,0.0029384001912840085,0.01678813149105943,0.00033198575916863174,0.0062523452970521505,-0.002544655710339002
2010-05-01,-0.08127620530232682,5.412091526769719e-06,-0.039436439140532256,-0.07215179129707049,0.001055031758819472,-0.05925724723361645,0.004554686787349478,-0.076225439018192,0.0005356004753244868,0.012771970020523394,-0.002008903017372392
2010-06-01,-0.05676775437546908,3.622857949464435e-05,0.01733881813578307,-0.07415357224731257,0.0010558151815662443,-0.04643617624871949,0.004277551295834477,-0.0591186798908099,0.0006310448735225441,0.01244380399355014,-0.0018790235766532127
2010-07-01,0.07066776659086887,7.526279758728545e-05,0.03556968312471569,0.06978974300184401,0.0010573820270597888,0.0701778061185812,0.0019188094235991888,0.069198987400025,0.000751941111240083,0.008682403474133314,-0.0016192646952148566
2010-08-01,-0.04628189437826603,0.0001163514482111182,-0.011630090366263559,-0.07046711378922188,0.0010596343674567593,-0.0022726176746898394,0.0024130386050989256,-0.051479773138900314,0.0008792003088374925,0.0008377818001029195,-0.0012458613031472191
2010-09-01,0.09296035243952722,0.00012456917833588476,0.06598333488595551,0.12387137123350431,0.0010592426560833731,0.06300985487547851,0.0011992786982870426,0.09074959131823639,0.0009046521483569744,-0.0034851106468940375,-0.001310801023506808
2010-10-01,0.03971353419755559,0.00015949453136614264,0.027447599941241983,0.042627931127508845,0.001057773738433175,0.02556751518939476,0.0022546161161329415,0.051593567330770744,0.0010128224663147724,0.007876640651301824,-0.0015543249748552661
2010-11-01,0.002379192236935257,0.00013895020605422624,0.001955894472083216,0.03614814774768584,0.0010559131094095909,-0.021097905804830376,-0.0020721652645426594,0.001539833143385299,0.0009491928675160677,-0.0009814847099322592,-0.0018627886465633165
2010-12-01,0.06758015397759269,7.320836505609384e-05,0.005428124285279757,0.0795844246464339,0.0010544441917593927,0.06811268728073461,-0.0024130950694503297,0.055149844073288615,0.0007455781513602126,-0.03232401726179228,-0.002106312597911774
2011-01-01,0.024763648474271663,6.499063493132725e-05,0.016975250658533593,0.00013692150937728376,0.0010542483360726997,-0.0023044458035987076,0.0028829785617807474,0.019931042243127643,0.0007201263118407306,0.03132181714961401,-0.0021387824580915695
2011-02-01,0.03449493610527977,1.362982165153628e-05,0.0013760539301429001,0.05614175382629886,0.0010524856348924619,0.02513094186119874,-0.002021403900304751,0.03570136871612795,0.0005610523148439687,-0.0030276846694433004,-0.0024310111997097204
2011-03-01,0.0024830786853884093,3.622857949464435e-05,0.010220959870108294,0.02709218538977531,0.0010533669854825808,-0.00991537277907051,-0.0012170544164587557,-0.004849722732419994,0.0006310448735225441,0.0028557712917803477,-0.002284896828900645
2011-04-01,0.030805790938478017,2.8010849369877787e-05,0.010287203067238074,0.028429108975843,0.0010530732019525411,0.0298294415462592,0.005266922870384567,0.03174327279359295,0.0006055930340030621,0.012236702570953037,-0.0023336016191703368
2011-05-01,-0.011654852759979404,8.348052771205204e-05,0.003532285338775285,-0.016123708141694643,0.001055031758819472,-0.008908355336419998,0.0036564116688405065,-0.01218055803870737,0.000777392950759565,0.010111096728916115,-0.002008903017372392
2011-06-01,-0.018023744859595667,0.0001307324759294597,-0.03297129230413027,-0.020997378251257002,0.0010547379752894324,-0.0033817810019769437,-4.437045497444036e-05,-0.011645829469392443,0.0009237410279965858,-0.0004009700015280898,-0.0020576078076420838
2011-07-01,-0.021774739550291855,0.0001368957735230346,0.005904491106777828,-0.03290711158498836,0.0010553255423495116,-0.017326451796407866,0.002918639727993968,-0.014027833756662193,0.0009428299076361972,0.008523486811180914,-0.0019601982271026984
2011-08-01,-0.05949439095997782,0.00019852874945878378,-0.054153014486767244,-0.08330274464966227,0.0010608095015769178,-0.06561609999761875,0.0034486267923898267,-0.06981672752318072,0.0011337187040323115,0.013587114963468412,-0.001051042142068452
2011-09-01,-0.0759549680325113,0.0002046920470523587,-0.09455040498792587,-0.10843489481262215,0.0010635514811906208,-0.043543576176491294,-0.0009313128752019363,-0.052880783080062915,0.001152807583671923,0.0006521961493791836,-0.0005964640995513269
2011-10-01,0.11370694392408975,0.00018003885667805904,0.09398616980348379,0.15074046333069596,0.0010646286874674328,0.08137328028856244,0.0004016756427905949,0.11712342078621953,0.0010764520651134772,0.00038318815129739596,-0.00041787986856245754
2011-11-01,-0.004002751271601214,0.0001964743169275921,-0.060729476770191346,-0.001677568435213092,0.0010657058937442448,-0.0030011177552976514,0.000461318711323296,-0.004136906568259614,0.001127355744152441,0.0012849347406885653,-0.0002392956375735873
2011-12-01,0.008107752313916911,0.0001964743169275921,0.02172107794830664,0.007798915076371194,0.0010651183266841655,0.015348427810232967,9.450228862546829e-05,-0.006140212498809462,0.001127355744152441,0.005036998270129263,-0.0003367052181129709
2012-01-01,0.04964503528075719,0.00020263761452116706,0.07802842488679376,0.07187221388544254,0.0010659017494309378,0.022499699252375275,0.0018235792699491976,0.05121362057492399,0.0011464446237920525,0.007833815045618071,-0.00020682577739379246
2012-02-01,0.04342395639480743,0.00019852874945878378,0.04836582689429826,0.025567078707810217,0.0010659017494309378,0.03573120595108212,-0.0017736074005674526,0.04151474859024591,0.0011337187040323115,-0.0016608180038793108,-0.00020682577739379246
2012-03-01,0.03155616757178114,0.00017182112655329248,-0.031288838388213336,0.02656631291087085,0.0010645307596240862,-0.013104371453425372,-0.000817512629495925,0.027184757210061986,0.0010510002255939954,0.00043140689654291425,-0.0004341147986523554
2012-04-01,-0.005731203452079341,0.00018825658680282558,0.022734466359378168,-0.012716817503701062,0.0010648245431541259,-0.0013948743680655237,0.002074852856746599,-0.007161965290135093,0.012180062128005287,0.005975710627450984,-0.00038541000838266185
2012-05-01,-0.06351709241108806,0.0001964743169275921,-0.07624915446145085,-0.0629928376789345,0.0010663913886476706,-0.06591656736825383,0.0005935779080410841,-0.07103002481871429,0.01987546733542952,0.0035129574247366527,-0.00012565112694430582
2012-06-01,0.038501829114145736,0.0001964743169275921,0.03476091244326531,0.05037108887425643,0.001067958234141215,0.04877928724395095,-0.0009710934298593089,0.007769658630955896,-0.005105322348699033,0.001424856247264192,0.0001341077544940502
2012-07-01,0.012151711859239427,0.00020880091211474195,0.017250100736249108,-0.011050736862179486,0.001070308502381532,0.014729279802126774,0.0022286156611039274,0.011646732537065954,0.009860227998363185,0.007296836161128,0.0005237460766515847
2012-08-01,0.023394115783104324,0.0002005831819899754,-0.00638157457575237,0.034499951729907545,0.0010695250796347597,0.016661402829197786,7.166220588044227e-05,0.021557112751607578,-0.0011707010274341048,0.0015715885592437028,0.0003938666359324071
2012-09-01,0.025808950642015535,0.00020674647958355034,0.05282830809398451,0.033782489318526454,0.0010694271517914132,0.008838370186240951,0.00018848042554150314,0.019911909486292394,-0.003895666390172576,0.0026169927199045165,0.0003776317058425101
2012-10-01,-0.01707989489100016,0.0002005831819899754,0.031212820133236403,-0.018791150120305408,0.0010696230074781063,0.010479737364702073,-0.0006627537372115978,-0.01695304554163572,-0.0011896473890155921,-0.002382904380220101,0.00041010156602230407
2012-11-01,0.006577972976992597,0.00020263761452116706,0.017026370050476185,0.006964909626588276,0.0010693292239480666,0.017640077764682315,0.0004979788395549548,0.00852341492217642,0.003918699432013269,-0.0028757564327460024,0.00036139677575261226
2012-12-01,0.009806151368378858,0.0002046920470523587,0.0242814986734409,0.03588715821636359,0.0010678603062978685,0.008767791255643496,-0.00023759955634550164,0.0028734920303381483,-0.007494902185303587,-0.0032302331242577715,0.00011787282440415322
2013-01-01,0.055148768129170384,0.0001964743169275921,0.03736118069591886,0.06406836276208415,0.0010663913886476706,0.06529599911012456,0.0006045457577181611,0.06747254098719793,-0.004033071873514109,0.0012807368293604826,-0.00012565112694430582
2013-02-01,0.012611439655243875,0.0001944198843964005,-0.0160802921797192,0.012952776096603155,0.0010654121102142051,0.016512416061959342,0.00035520334859053974,0.017638734447978196,0.0039976131278690276,0.0021338074808314876,-0.0002880004278432791
2013-03-01,0.038955294012724434,0.0001964743169275921,-0.01705956853774593,0.04668155983094435,0.0010651183266841655,0.011372394112626324,0.0003674506662236569,0.03825745914437773,0.001955873386231159,1.138500055759609e-05,-0.0003367052181129709
2013-04-01,0.018554712604050505,0.00020674647958355034,0.01817443776208018,-0.001065147921169316,0.0010670768835510964,0.006454477094398586,0.0006869807217555723,0.015732639040521343,0.007842364202721575,0.004608183391445479,-1.2006616315025226e-05
2013-05-01,0.021440684210117335,0.0001944198843964005,-0.005892771830090916,0.041138003554402544,0.0010655100380575517,0.02650440180734759,-0.0013252989343911679,0.02093505056842078,-0.017385523572912086,-0.016018296426378836,-0.0002717654977533821
2013-06-01,-0.014129239374615764,0.000157440098834951,-0.04449767679517923,-0.0035080359152692238,0.0010617887800103832,-0.049801078347955476,-0.0009843621048488177,-0.015997245402189494,-0.01024652706078238,-0.009716107209090373,-0.0008886928411694778
2013-07-01,0.05436445695684758,0.00014511350364780116,0.04053826424234163,0.07117902532889558,0.0010611032851069574,0.06623312294187146,0.0016258029242518007,0.04841382568764764,-0.0022055821459037368,-0.0012696075333954217,-0.00100233735179876
2013-08-01,-0.02888469141758848,0.00013278690846065135,-0.00021322855593131768,-0.02911184554282428,0.0010591447282400266,-0.02642581250814401,-0.000983834057285421,-0.028296666695049003,-0.0051050626467777855,-0.006888839456572987,-0.0013270359535967058
2013-09-01,0.03510133371968351,0.0001163514482111182,0.04053576243651712,0.06418345440657036,0.0010581654498065612,0.011071017355447403,0.0022304203436093557,0.029994115490884873,0.008126592639296264,0.01685166794756787,-0.0014893852544956773
2013-10-01,0.04478528468317273,0.0001471679361789928,0.015091199025038136,0.027228649385906915,0.0010592426560833731,0.043620943360660115,0.0006867343221146476,0.04757457994942053,0.0031439388908556572,0.005746526855608627,-0.001310801023506808
2013-11-01,0.027562808673357655,0.000157440098834951,0.02472717918368955,0.04126030506799451,0.0010582633776499077,-0.00779695953370778,0.0009239557407896862,0.019231173449474923,-0.0021133437041943367,-0.005816069805476782,-0.0014731503244057812
2013-12-01,0.027003982974888083,0.000134841340991843,-0.012055674574745856,0.020956096577780747,0.0010583613054932542,0.017896283007092884,-0.0020221118057381594,0.0195322263044636,-0.00893391287193145,-0.00975227611377495,-0.0014569153943158834
2014-01-01,-0.03206682107499478,0.0001163514482111182,-0.03313311815523504,-0.02448148096187497,0.0010596343674567593,-0.0301845877673622,0.0024888475943756847,-0.02343871035661861,0.014089020666309791,0.021412931023889616,-0.0012458613031472191
2014-02-01,0.04709251962025386,0.000134841340991843,0.029772849947645584,0.048388938124522,0.0010600260788301455,0.04775561817221888,0.00011873237076916144,0.04677045769870315,0.00203247424787573,0.002064926310860112,-0.0011809215827876304
2014-03-01,0.006274133982131937,0.0001081337180863517,-0.016180856495760225,-0.00514361919118267,0.0010607115737335713,-0.02602754121178071,-0.0010299694434315503,0.0,-0.003936950281851296,-0.0043965763471503425,-0.001067277072158349
2014-04-01,0.005007447141780946,9.580712289920183e-05,0.004068421613353145,-0.03548529573549207,0.0010620825635404229,0.030076083846113974,0.0010426625894705947,0.007527979908297541,0.00738169991911628,0.008917923677641253,-0.0008399880508997868
2014-05-01,0.02238713747442942,0.00010607928555516003,0.03422949658561242,0.009794293861545744,0.001062865986287195,0.012820303588751822,0.0017870176456752293,0.024977751740106847,0.007870549878146333,0.012719687454928845,-0.0007101086101806084
2014-06-01,0.022784349568123113,9.169825783681855e-05,0.007872140172223409,0.05370179428743042,0.0010619846356970763,-0.01037885352891232,-0.0008146092714577229,0.023001433826771518,-0.001805310869877911,0.0022476571125092425,-0.0008562229809896847
2014-07-01,-0.016287056976579013,7.73172301184771e-05,0.05133293102472803,-0.056808745564119884,0.001062865986287195,0.0017439699817143927,-0.000792764304732381,-0.018125717888277985,-0.0010921299946113547,-0.004772678041735339,-0.0007101086101806084
2014-08-01,0.04111057163040491,8.553496024324363e-05,0.004188922313143846,0.05069152331212039,0.0010636494090339673,0.01647570101769171,0.0018352901815207857,0.03986141587539351,0.011934207734271979,0.009449059597250535,-0.0005802291694614308
2014-09-01,-0.018003821668457834,6.0881769868943974e-05,-0.0459930421368654,-0.05757489615885875,0.0010633556255039277,-0.02398827923337397,-0.0007446493140353035,-0.017196597057744723,-0.006593614617912984,-0.001965401962707834,-0.0006289339597311226
2014-10-01,0.025011171683153963,9.580712289920183e-05,0.03673965222001121,0.067115707706431,0.001065216254527512,-0.0073202488038489315,0.0025796074383188355,0.02006978507681131,0.010276908068299635,0.010200531157519177,-0.00032047028802307306
2014-11-01,0.02571265588674134,7.937166264966873e-05,0.004296315083192804,0.002907791732113369,0.001065216254527512,0.029480128805269862,0.0010644551979201253,0.03798834437300917,0.0085193223614734,0.006249770088695443,-0.00032047028802307306
2014-12-01,-0.0026678492236496525,5.8827337337752334e-05,-0.006429194415778314,0.02946066728057223,0.001066489316491017,-0.018601860722842093,-0.003316752419900112,-0.008976652230275235,-0.0024906435919106163,-0.0020578157682816845,-0.00010941619685440971
2015-01-01,-0.027531513028845947,9.169825783681855e-05,0.031044388348206435,-0.02887468211557877,0.0010697209353214528,0.03045384955065724,0.007014495642470544,-0.030762647101303452,0.03159661526633096,0.01355082223602477,0.0004263364961122019
2015-02-01,0.05763107741893551,7.320836505609384e-05,0.013531473860313453,0.060376921657078815,0.0010682520176712547,0.03171501845957366,-0.0032948929159802307,0.04906188308709565,-0.018539824468984566,-0.002085891505511587,0.000182812544763742
2015-03-01,-0.012955466845741628,6.70450674625189e-05,0.006765502169778717,0.018575298863392927,0.001067958234141215,-0.02025477504670153,0.0025147163318368256,-0.015818087078156347,0.006242966297458983,0.0036273167773224367,0.0001341077544940502
2015-04-01,0.007554698071640073,9.78615554303935e-05,0.09441952027658021,-0.02242219457354891,0.0010691333682613735,0.03024509975409567,0.0002481240070653687,0.007422430305824652,-0.00614813983797941,0.0005287173438098578,0.00032892691557281743
2015-05-01,0.01236929378589392,7.526279758728545e-05,-0.012831936870070467,0.024371933984733616,0.0010646286874674328,0.006980987024729464,0.00043608878771727016,0.01460826209112426,-0.002966879097172672,-0.0027518414726983792,-0.00041787986856245754
2015-06-01,-0.019409034626150207,5.677290480656067e-05,-0.025024328142202637,0.008982407166049654,0.0010625722027571554,-0.059869713799785916,0.00029423913436589863,-0.027424837203226478,-0.008719645497410899,-0.009409153861980652,-0.0007588134004503011
2015-07-01,0.019767247919586034,6.499063493132725e-05,-0.0379374658003899,-0.008806418730537478,0.0010629639141305415,0.029463326769539566,0.0004364715551347303,0.015761095402734442,0.010391980901738762,0.008779145125684291,-0.0006938736800907114
2015-08-01,-0.061890472653414505,6.499063493132725e-05,-0.07869684668456488,-0.059618077195237595,0.0010640411204073535,-0.060458518971666354,-0.0004955464886677028,-0.06232591030755012,-0.0009410271893099171,-0.0004739345393282866,-0.0005152894491018412
2015-09-01,-0.028248237583946005,6.909949999371053e-05,-0.02171810493090988,-0.04658386868669394,0.001063747336877314,-0.02486685504376563,0.0029265760832658423,-0.024631763073060267,0.009051414738620516,0.005887534411134681,-0.000563994239371533
2015-10-01,0.08224224641058392,8.553496024324363e-05,0.06414362403093508,0.05767069667908595,0.0010649224709974724,0.0510487096131488,-0.0014112313885184626,0.08625565827362913,-0.0028274739098911403,0.00030072803012782043,-0.00036917507829276573
2015-11-01,0.002315313892474205,3.00652819010694e-05,-0.01506933967624484,0.03375494353356519,0.0010638452647206604,0.002951527434894517,-0.0025956310111599932,0.0030479084328688425,-0.004038839635099702,-0.002000318122473078,-0.0005477593092816351
2015-12-01,-0.018704723539559764,1.362982165153628e-05,0.0020220849235562492,-0.04781286150257145,0.0010647266153107793,-0.013450990981921934,-0.002001071676809227,-0.02547894347070832,-0.0036237265753858573,-0.009917708356455772,-0.0004016449384725597
2016-01-01,-0.05439912408728457,4.239187708821927e-05,-0.06585324930360494,-0.08367910132966606,0.0010644328317807397,-0.02062519253023579,0.0075205971467063,-0.05547945064384755,0.02382690860827327,0.02467150558444372,-0.00045034972874225237
2016-02-01,-0.0017011274001527319,9.169825783681855e-05,-0.015477890315793113,0.0017394110208082709,0.0010648245431541259,0.005799494226622305,0.0005894464259413068,0.010457809988462604,0.008203193452817099,0.0020151470517471453,-0.00038541000838266185
2016-03-01,0.07016438922331804,6.293620240013564e-05,0.06487740724128702,0.07918655253394155,0.0010661955329609775,0.015931438309465883,0.0013543002546152249,0.07434060573619049,0.0007851248944901072,0.0022096270163651783,-0.00015812098712410065
2016-04-01,0.005726702359315888,8.75893927744353e-05,0.014272502105856075,0.017956175692566693,0.0010681540898279081,0.014101514683900649,0.000318186925712161,0.004071250755656044,-0.0034887754025930014,-0.0007311062502405229,0.00016657761467384416
2016-05-01,0.016606099048666882,7.73172301184771e-05,-0.003673664876126569,0.023913635572625536,0.0010678603062978685,0.0020007139174498824,-0.0011656841529239111,0.022326647461271148,0.0,0.0013635358501243363,0.00011787282440415322
2016-06-01,0.001880311768153303,9.991598796158511e-05,0.003913453176530555,0.0007033871384662647,0.0010693292239480666,0.045764676059564545,0.006000975791097032,-0.006091918478228958,0.021807376946841525,0.0073271386192213,0.00036139677575261226
2016-07-01,0.038822964735627394,0.00011429701567992656,0.041107037598680986,0.061080199403436786,0.0010714836365016906,0.036129340212473014,-0.0004547849856197641,0.04636706287453715,0.004680659353629961,0.003078885509038512,0.0007185652377303536
2016-08-01,0.00017378404225791956,0.00010197042049277675,0.03891460827652732,0.019203702591354243,0.0010710919251283044,0.011841220364686086,-0.0023481663865687736,0.01209217025224681,-0.007220555906854713,-6.357502162169972e-06,0.000653625517370764
2016-09-01,0.0006621861337299135,9.169825783681855e-05,0.020346891825963786,0.012432221930578684,0.0010702105745381855,0.02034933436446838,0.0013055331948297788,-0.0029596133136391475,-1.008366357331536e-05,0.003031391893951566,0.0005075111465616886
2016-10-01,-0.019609818846375845,7.320836505609384e-05,-0.014392124038033721,-0.04409679869678349,0.00106923129610472,-0.025809368881990702,-0.0004704422166753321,-0.026287387760719823,-0.010787795410570086,-0.002590894719291477,0.0003451618456627153
2016-11-01,0.03862768816170011,2.595641683868612e-05,-0.03923308857030122,0.11098773917708621,0.0010658038215875913,-0.01576589092669929,-0.004723601687999813,0.0296784379402568,-0.02922560146816716,-0.01893348743294249,-0.00022306070748368944
2016-12-01,0.018798211634486875,-2.9513261503488135e-05,-0.006134475705089817,0.028956426231860365,0.0010638452647206604,0.022733886673813496,8.37339437670745e-06,0.012211444552032033,-0.001277257244972264,-0.008322324500244964,-0.0005477593092816351
2017-01-01,0.020720424592422106,-2.7458828972296522e-05,0.06559901709808691,0.006532694256773127,0.001065216254527512,0.029580097750474443,0.002383406942163655,0.021148167001431555,0.005305771578717514,0.009708365607037302,-0.00032047028802307306
2017-02-01,0.03270855429517689,-2.5404396441104855e-05,0.032247014084303326,0.021053561944125256,0.0010649224709974724,0.017703099317933527,-0.00023668008251582573,0.04683985246307145,0.002799263440889956,0.002912473724978871,-0.00036917507829276573
2017-03-01,-0.0013521150011803983,-5.0057586815404535e-05,0.02955981846420243,0.002604160125608942,0.0010643349039373931,0.02982001609103325,0.0006032792129379668,0.0036772479768732466,-0.00019652024701560732,-6.039736439639871e-05,-0.0004665846588321485
2017-04-01,0.01643356502871108,-1.9241098847529907e-05,0.016639510648723807,0.013414552721161238,0.0010657058937442448,0.025961183988058877,0.0018234589892710865,0.018203262499429423,0.007111810446897292,0.00612756124168397,-0.0002392956375735873
2017-05-01,0.01428159771123991,-2.7458828972296522e-05,0.0263158858889877,-0.0180312607460656,0.0010659017494309378,0.03163009976200555,0.0006867573028864645,0.023265020975148428,0.005967177740387151,0.0052166397586017686,-0.00020682577739379246
2017-06-01,0.003586837260889778,-2.9513261503488135e-05,0.004533968965887245,0.03547319803823009,0.001067566522767829,-0.015031429255286074,-0.0008043854874658357,0.0021560239663065157,-0.0010617965055679645,-0.0030748759886162825,6.916803413446141e-05
2017-07-01,0.022371907714147047,-3.978542415944631e-05,0.06341513986883063,0.009921856829349235,0.001067370667081136,0.047224265862364855,0.0018229354033426934,0.015060518893192116,0.0017411595901392102,0.005263818218678649,3.6698173954665715e-05
2017-08-01,0.0012752415621930062,-2.7458828972296522e-05,0.024550310386168013,-0.010531370293966148,0.0010680561619845616,0.0020304596473155042,0.001976924358596664,0.0031889750959193386,0.010421571287739876,0.00720139073650666,0.00015034268458394805
2017-09-01,0.01107406877518435,-3.3622126565871415e-05,-0.00021558768594751542,0.06289511597431223,-0.0031704503866792394,0.02474859371050074,-0.0018780157768748002,0.006743975483658014,-0.008823040795644076,-0.0031450736834814784,-0.0015349742766940433
2017-10-01,0.03177623106277412,-6.854747959612921e-05,0.02907698535268641,0.010822393203803168,0.004419640719485435,0.017660418883816437,-0.0009271058104078523,0.03588739444419242,-0.0025933435562506685,0.00014891688281155075,0.00745313392214931
2017-11-01,0.029806563133034265,-9.525510250162062e-05,0.007693587516676583,0.030314221567754974,-0.0031496314158194136,0.005488083995073849,-0.0022219633522776562,0.022548038572970622,-0.0006421259297226668,-0.0015491140600146919,-0.002211941606180843
2017-12-01,0.005533559409879536,-0.00012607159046949514,0.025679901335163687,-0.0023418045574051492,-0.00020912926164256347,0.0007374699854300557,-0.0013363257331980812,0.007894963636337543,0.001034467425605488,0.0024754540214648713,0.010546647506297139
2018-01-01,0.06252261576854698,-0.00016510580856213627,0.09523864015751654,0.028363145518263237,-0.0012921155243622716,0.06095769819233102,-0.000805116930001192,0.05992868093757349,-0.010353470930308748,-0.009363580303917535,-0.004548444344606951
2018-02-01,-0.035361136866114945,-0.00020824889171716069,-0.051044677826599626,-0.03581327678337099,-0.0060388412863831694,-0.048244313214680416,-0.002032935223490439,-0.033091705721254,-0.008484976890069681,-0.008921740220380987,-0.023275232108856316
2018-03-01,-0.028232513466562734,-0.00022057548690431047,-0.0015820703236955837,0.014157604930194422,0.0011973467388246024,-0.0065667254239889445,0.002469117078615227,-0.02213982583760145,0.0076184810387844425,0.00445173646282983,0.004860978385446463
2018-04-01,0.01367993072177648,-0.00024111981221622693,-0.03195575461994987,0.011129042701236332,-0.0001267008043213421,0.016339849452764576,-0.002442730889925621,0.0060146486340122984,-0.007900322058142598,-0.0055510356148994995,-0.010581552095505254
2018-05-01,0.015855033286831785,-0.00026988186765290994,-0.02905471116517026,0.06151500956456322,0.002401284486565285,-0.020754155841396397,0.003410457165492132,0.00800139207646252,0.007682854487280808,0.0072617178348487665,0.006316699524037254
2018-06-01,0.009438850947770201,-0.00026782743512171817,-0.05450959585565428,0.00882381844116346,-0.0007735791978478837,-0.02791045349463927,0.0001589007646825848,0.006154003166007284,0.002411373210323742,0.0011940826312839493,-0.005414810190011746
2018-07-01,0.036576265611086255,-0.0002780995977776765,0.03737565791009663,0.015378740678195614,0.00334472695287125,0.04271749517652948,-0.0006502164554672814,0.0368237977488612,-0.004756781249554484,-0.0015620799784616384,0.007186455406134591
2018-08-01,0.030646103750835586,-0.00028015403030886806,-0.025649724369821682,0.04313158810127622,0.006290024092714263,-0.021082407497410027,0.0033677061345854793,0.02215720408139751,0.007315757095601804,0.006384926340712947,0.003476589256748703
2018-09-01,0.0037659132529161837,-0.0003068616532143593,-0.012141030714996559,-0.020500130397230622,-0.0009667342481487605,0.011424946516789916,-0.0013432155074116305,0.0028567921426113957,-0.009229697214702855,-0.006329191959120207,0.0003318116707388179
2018-10-01,-0.06472136250689246,-0.00032740597852627576,-0.07913671415166329,-0.09756020134255851,-0.0015171772264024896,-0.0821226222218158,0.001454236333310928,-0.06734519019817489,-0.004011344479578786,-0.0059446333414110725,-0.01583266406278928
2018-11-01,0.016172902244589955,-0.00032124268093270086,0.05273441888611685,0.015536131473775406,7.301262385649539e-05,0.006745488448896319,0.003700850633513771,0.029037839853728358,0.008723631519805096,0.009017649017649019,-0.004222656614160926
2018-12-01,-0.09311548295536551,0.011715529347072408,-0.05163876600049217,-0.12005886205291272,0.006202741515453472,-0.06226487941326908,0.0062131016525303565,-0.09613550621010973,0.013332020602529669,0.016668094696297948,0.015527513034052278
2019-01-01,0.08477233721371581,0.017796738764071347,0.12550694964520842,0.12739795428847098,0.017047397128224333,0.07506323431805872,0.00565887523400312,0.08420161556816473,0.013617953984455842,0.011509532451886956,0.03203963799574757
2019-02-01,0.03427314610537263,-0.005044677019289126,-0.010279122922798237,0.050106077643713054,0.0016563570169174627,0.02421074168482339,-0.0009540751523064723,0.042947128797834674,-0.004417669336729564,-0.0034128929574094406,-0.003184163077453657
2019-03-01,0.01436496336332231,0.021326365134429256,0.010771638731786114,-0.012873818161739862,0.011649187227121752,0.009103850381995869,0.00624258527507689,0.018694159670038967,0.020036818481888184,0.01448915274012226,0.023462857979680615
2019-04-01,0.04731257533325629,-0.00019864995929623383,0.0216363025048662,0.03874809788663619,0.0020248629245268575,0.03133917784606567,0.0017226625035089746,0.03772196500234738,-0.004255886166472294,-0.0007698728571865487,0.0032397341473619054
2019-05-01,-0.06491896047475411,0.017348801240445376,-0.06522980913014281,-0.0746349998459876,0.008055635045357595,-0.050491200128613356,0.007314129224586951,-0.07073350675163614,0.024186620903730707,0.012202548251822914,0.010029022935006984
2019-06-01,0.06414903778795217,0.013572634729497483,0.04518912330856048,0.06630300191451236,0.009738570494966,0.039437520138273514,0.004464678795922434,0.07242181635707946,0.008435681779440282,0.008004958826846795,0.029449385982964947
2019-07-01,0.0234731929653734,0.0017738440182195254,-0.011856267540586156,0.019826051361718798,0.0010457135147420864,9.584211191759338e-05,-0.00047910628140811836,0.022409244714309422,-0.00014296327079425645,0.003665930958404717,0.004071018208444943
2019-08-01,-0.02175239552017706,0.026679582888483735,-0.040204126142441815,-0.043398995472262586,0.011130405296525762,-0.015523401394482383,0.007885128835070867,-0.02361002249335032,0.03346123769333091,0.009624637498728938,0.0286745886654479
2019-09-01,0.016482712514348425,-0.005813019550532372,0.016880273532889758,0.01791838638372375,-0.000332668566535791,0.031697533797606176,-0.0012845858917511005,0.020136930754792986,-0.00816188902098015,0.0005993465159679392,-0.007222513484454002
2019-10-01,0.0274147253104536,0.002199719708167645,0.043959449047572055,0.021581724519146143,0.004325723014518891,0.03665007829418733,0.0032542549507267367,0.022907989819748745,9.81615530942455e-05,0.0032812217800326886,0.008669563084810632
2019-11-01,0.037837311614235425,0.00036991173580313934,0.003533643757991926,0.03675115896841167,-0.0003491183746632574,0.010470870484033206,-0.0005283729236543361,0.03743758134339817,-0.0030121054815341725,0.00011303042104447808,0.004562927630772249
2019-12-01,0.0249043532342072,-0.006286941984183521,0.0542839203781344,0.025168539517780104,0.0019249618815008662,0.023434481112737278,-3.1337388581339327e-06,0.02681578816885796,-0.007240200885094009,0.0016536144629329065,0.0007236140454200917
2020-01-01,0.01100862926282336,0.025930177860799538,-0.03690592583857738,-0.023976385688388564,0.013862233932307547,-0.01866076754986331,0.009015225175511293,0.007108212010222731,0.028212140581952008,0.010271777606584046,0.02869709966038565
2020-02-01,-0.07982703194947961,0.015187698672021549,-0.038880631926830875,-0.0881935609389666,0.0040920760261117985,-0.07163150849104992,0.007165999683401763,-0.07401611268982848,0.022941186468926202,0.005878695334527824,0.006827465156517868
2020-03-01,-0.12959872043035098,0.000752549554653726,-0.16120139173327938,-0.2219188378082426,-0.03098358761200901,-0.14368547701802659,0.012570648340677408,-0.11817176109996477,0.031369775118819325,0.010962209017817475,-0.055424674029588616
2020-04-01,0.1382905921539019,0.013431551807662983,0.07453424064403308,0.15236144818710906,0.02598882864191325,0.056245261442831034,0.0029626835135300247,0.12735903313818034,0.0031495126215967456,0.008139557762939467,0.04083390141754612
2020-05-01,0.051589280548844096,0.0049193751196890435,0.0278815349396807,0.06547384225635738,0.01449289169034182,0.0536064148902367,-0.000390312089571932,0.05909072629293011,-0.0011752153677358763,0.0019155120558820142,0.020330212878633253
2020-06-01,0.021900940839319726,0.007577324772999806,0.06119760188050967,0.027037621106802315,0.008396560979980715,0.024002774168369857,0.0002524856443087545,0.025214912594178424,0.001177398431833047,-0.0014615889419053022,0.01866479735495276
2020-07-01,0.06324757105862282,0.013116130739986846,0.09986277430748225,0.04199678418190252,0.007984984429209934,0.03238626056623342,0.0010394114069489369,0.064726662916682,0.011517493813809903,0.0028986760724667533,0.028988110420267513
2020-08-01,0.07472345501891146,-0.00850977926870905,0.026248234717682176,0.05065236611008002,0.0006222452643175996,0.048595278254977003,-0.00010387917950524461,0.07753500452558149,-0.012413767735698649,0.0005353389931736512,-0.016448396854757224
2020-09-01,-0.04354919099526504,-0.0013568358065416516,-0.01000818433173039,-0.031409709595313084,0.00011389744326619385,-0.022632714531767774,-3.6775211154068646e-07,-0.03868994805530215,0.0027491904902684243,-0.0007264384490335826,-0.002583283975593278
2020-10-01,-0.019681381724632054,-0.005569101618856389,0.0176915528904754,0.030440431554132216,-0.0006546805587103933,-0.03670442710019299,-0.0003585584406127929,-0.013716933562662069,-0.010884853468968943,0.0007396904943816367,-0.0028611250233219394
2020-11-01,0.1172914808666311,0.011591507170406481,0.08912801033472566,0.1637298988104746,0.006032378817367146,0.14636143056827103,0.00023084730710638143,0.10606062270261626,0.005171719678755331,0.00046149359671166407,0.03004432508719788
2020-12-01,0.034511957585270994,-0.0016846036277503493,0.06359255587226835,0.07665593402008014,0.0016898767508840022,0.04194004897813731,0.00010381133811067779,0.030086909684355324,-0.017241625887933446,0.0015528232552276635,0.00014874502419008005
2021-01-01,-0.0018819877938326343,-0.0037171722097364313,0.04219640932115324,0.045430511270247824,0.00153226629588046,-0.0011409540877948788,0.0009843125079126093,-0.0003834003552888281,0.005859422854496271,0.0032654192813702087,-0.011180174725281234
2021-02-01,0.025242536735497555,-0.016387573369284536,0.005070195831294472,0.06274614421972123,-0.004206574165261425,0.023223672626869203,-0.000925662878135536,0.02352523755443152,-0.01917426709616844,-0.010336312718774452,-0.019327341606514746
2021-03-01,0.03579149910283334,-0.008029646620028606,-0.006879236081273433,0.02038646375273948,-0.0013885472082492542,0.02539865601946189,-0.00046371993669358676,0.04584965973094128,-0.014650597992115575,-0.004956024956218139,-0.015160348667132855
2021-04-01,0.054279633879548046,0.003466045202145519,0.015239153110728928,0.038405003396596436,0.003928098282202439,0.02885371539906234,0.0006024533556238009,0.05261432832615164,0.007210546302296089,0.005864740232800491,0.01000903216213822
2021-05-01,0.007015099919321629,0.0024476399212467774,0.017739296343604848,-0.0007513867847098759,0.0036533953370690383,0.03854535918918565,0.0006841771778973727,0.00954763796315459,0.001864954655379978,-0.0027719607925669877,0.005359528532504053
2021-06-01,0.023809337737497584,0.008000492820912034,0.008938590888682717,0.012033302330339581,-0.002105113345879726,-0.025524128526299397,-0.0017146472728234744,0.026759913550307636,0.008722873050850717,0.00017821425298637287,0.018225476368241546
2021-07-01,0.024870919197374088,0.01134968240532946,-0.05996270216276599,-0.01787831598502855,0.0032642972241319216,0.01993172950706258,0.0016480273636954386,0.030595994303551165,0.011745821150626763,0.005437766636451063,0.013290556676601811
2021-08-01,0.03039922289481091,-0.0017284519726020184,0.022022264673699353,0.01768566787023695,-0.0006500605013256158,0.01734552461442252,-0.0003127110615934227,0.032770216297384504,-0.0010709862692603802,-2.40585287003072e-05,-0.002945761349117627
2021-09-01,-0.05071349858968119,-0.010484367094523103,-0.03985185076110502,-0.031529365825086336,-0.0021521653814415825,-0.03162838791751711,-0.0010204884302985725,-0.05449341382307798,-0.010703898141801798,-0.0034104710269863238,-0.013106171326544224
2021-10-01,0.07383897269830206,0.0008797379953815211,0.010376533347000077,0.04779102175764693,-0.005357032325580233,0.03278890763673752,-0.0033320948631944307,0.08029638768078395,-0.0006511713843009086,-0.002195608367289818,0.004856658645885468
2021-11-01,-0.01242896897635535,0.0022332834986521933,-0.04227380096460045,-0.04024543885924149,-0.003765558245362724,-0.0484248781188384,-0.0005711271066080551,-0.014613420358503377,0.006081384503782514,-0.002236098734661578,-0.0005025868440502587
2021-12-01,0.036603049783031846,0.0009437979912203555,-0.008728043972040408,0.030938334028639113,-0.0010553307588953326,0.031546128041401535,-0.002786435977263022,0.043508227036549565,0.0026724342999821685,-0.0013015255918326508,-0.007062381684808329
2022-01-01,-0.05742709511764553,-0.023896917227322227,0.024565199440774108,-0.07422013246372415,-0.009083102268212132,-0.02425458821776974,-0.006109263864727544,-0.06823458676828283,-0.024548646809535717,-0.01396234328597612,-0.025397659493878844
2022-02-01,-0.032047922126544365,-0.012084118016321406,-0.04962424164130121,0.011815302277319644,-0.008093098183856371,-0.03597591393651517,-0.004590964636471763,-0.04345172874830337,-0.00846823499909223,-0.01312204609059023,-0.021549956742215853
2022-03-01,0.0324978087378138,-0.027341098635280527,-0.03138171540047717,0.009554066742493582,-0.01877179391814836,0.0005427835798123881,-0.014042348892125358,0.025412953870526268,-0.032139773792652475,-0.02401113103060381,-0.027251360736670168
2022-04-01,-0.08922017908370222,-0.039847925293346756,-0.06534168389200064,-0.08507034764001979,-0.014775690996123204,-0.06320365882861052,-0.005104766432892434,-0.08259058856808034,-0.029681318843859737,-0.03574414674611733,-0.05627463279666074
2022-05-01,-0.0009781369813282063,0.008094476880447904,0.002039016698746676,-0.0002881270851708833,0.0094395020753808,0.01520197052066374,0.005862589662237884,-0.0009033297930745773,0.00021587030276178762,0.012258543621451448,0.013302014392296023
2022-06-01,-0.08724983961051257,-0.01721988948086911,-0.06075585541362639,-0.0924805483456188,-0.013140283287247749,-0.10496286597763296,-0.006191012340281975,-0.08814538154296037,-0.008464238936679011,-0.015455263960199637,-0.030952329180044567
2022-07-01,0.09865667232366611,0.026267497262464426,-0.0016097777302920687,0.10779621389763504,0.015360315235567863,0.07667916821718915,0.003923247239799204,0.099165510957975,0.0161996789714393,0.03173979898588432,0.03499119683990724
2022-08-01,-0.04026122385549574,-0.03065785975844108,-0.019062495056200956,-0.02643670758415949,-0.01588477893771551,-0.06283048015214031,-0.008204644769357105,-0.04306527795983612,-0.02594172725393502,-0.035660114884548184,-0.03451110089876975
2022-09-01,-0.09965974125769608,-0.041734706610454905,-0.11850901124366937,-0.09474629987392341,-0.020254001642402802,-0.09540691193286072,-0.012077770584006107,-0.10335456694194665,-0.03411985294197449,-0.05111068969673385,-0.052056827572000086
2022-10-01,0.0850584053397036,-0.014281405392212919,-0.0137332989833677,0.10485097105118148,-0.0031884121387333146,0.058257643727229115,-0.001371945657093746,0.09338625966095161,-0.01343384297783894,-0.011526069976632606,-0.009442798603902841
2022-11-01,0.055743504730736984,0.04005846473407759,0.15646751928130948,0.04151826466977996,0.021370715153867754,0.13299667759933295,0.006523581109690019,0.06368027435876975,0.02629022302844354,0.042657194463195804,0.056912135761823295
2022-12-01,-0.06384619906765396,-0.012156233351036775,-0.047211606343973284,-0.06378127346902056,-0.0011844676165516216,-0.023179876987350585,-0.0013320992965758763,-0.06305483722717616,-0.008672801955115259,-0.011047216718532956,-0.013956439547648377
2023-01-01,0.06900208009258119,0.03815442588797357,0.116959944326982,0.10925686963005635,0.01940202725956432,0.09644683619691398,0.01205486826124018,0.06891219601192829,0.030593245312076696,0.03887268581648088,0.04672063965961558
2023-02-01,-0.026263220154045953,-0.029186423073238866,-0.07785519987327333,-0.014041569065829276,-0.014498576964715388,-0.02968628390466349,-0.009901961449257559,-0.0240812004615047,-0.024431969820255448,-0.029933350976267852,-0.036946544364437145
2023-03-01,0.029361495444994543,0.027114747085873168,0.03416553396655151,-0.05082392128669605,0.01336423782046564,0.03188730444104477,0.016334874577080986,0.026429684026654368,0.02918169760159981,0.021080491905718098,0.029285171877966292
2023-04-01,0.01743359028926979,0.00531380634699179,-0.011753407824938219,-0.010984690403247661,0.006687719127780342,0.027143641564763708,0.002247985238483419,0.010075590877775122,0.004331448385841198,0.00428278234367427,0.0072280502452301
2023-05-01,0.004479450501929205,-0.01137027939864154,-0.017679271505704846,-0.02089563297661005,-0.004509722510664222,-0.03821648870529029,-0.003901849641920001,-0.003170691793706762,-0.010979754924545,-0.0068540312037164396,-0.014663321942167011
2023-06-01,0.06003914266004904,-0.005118006741184605,0.035013078884924165,0.08292700641427013,-0.001893730973207076,0.02761725923423453,-0.005033203969851554,0.06372838913126429,-0.00829860882744626,-0.004827791982826855,0.005335753419636667
2023-07-01,0.03816575672081339,-0.00025452265115860867,0.07054246640236986,0.055574570201688905,0.0061108112335050676,0.044567773590883306,0.0029121420199414495,0.039803956076774984,-0.0030858612202221487,-0.000892805015965136,0.0010218454117343798
2023-08-01,-0.016359284877678903,-0.006062785346328209,-0.07079117300356133,-0.03906882968647745,0.0011366456089128077,-0.039192084289091184,0.004030149697400481,-0.016579134314652022,-0.005247355093711547,-0.008169797208007982,-0.00743467249943189
2023-09-01,-0.053422023428456256,-0.025599963706548236,-0.03072980446562581,-0.06293500087289451,-0.005941426541913426,-0.03758881398871704,-0.0007118319279398302,-0.05790570056842964,-0.02263573531061743,-0.030853630155988555,-0.02752055798756921
2023-10-01,-0.019855455916273523,-0.015492497759574187,-0.03005283443779609,-0.061716793655696434,-0.0004846843387131004,-0.031824056641828,0.00328492752425633,-0.031144776915029804,-0.011748959678951782,-0.02173924543404388,-0.01915419679784663
